contract_id,vuln_type,y_true,y_score,disclosed
0x0000000000000000000000000000000000000000,timestamp,0,0.2481,0
0x0000000000000000000000000000000000000001,loops,0,0.6083,0
0x0000000000000000000000000000000000000002,loops,0,0.799,0
0x0000000000000000000000000000000000000003,loops,0,0.7407,0
0x0000000000000000000000000000000000000004,timestamp,0,0.2405,0
0x0000000000000000000000000000000000000005,loops,0,0.4537,0
0x0000000000000000000000000000000000000006,bridge,0,0.4948,0
0x0000000000000000000000000000000000000007,access-control,0,0.5373,0
0x0000000000000000000000000000000000000008,timestamp,0,0.8478,0
0x0000000000000000000000000000000000000009,access-control,0,0.5822,0
0x000000000000000000000000000000000000000a,reentrancy,0,0.7681,0
0x000000000000000000000000000000000000000b,access-control,0,0.3084,0
0x000000000000000000000000000000000000000c,access-control,0,0.3429,0
0x000000000000000000000000000000000000000d,timestamp,0,0.8142,0
0x000000000000000000000000000000000000000e,timestamp,0,0.3372,0
0x000000000000000000000000000000000000000f,reentrancy,0,0.2026,0
0x0000000000000000000000000000000000000010,loops,1,0.9698,1
0x0000000000000000000000000000000000000011,bridge,0,0.5368,0
0x0000000000000000000000000000000000000012,loops,0,0.6888,0
0x0000000000000000000000000000000000000013,timestamp,0,0.5317,0
0x0000000000000000000000000000000000000014,reentrancy,0,0.4405,0
0x0000000000000000000000000000000000000015,loops,0,0.3613,0
0x0000000000000000000000000000000000000016,bridge,0,0.4238,0
0x0000000000000000000000000000000000000017,reentrancy,0,0.4975,0
0x0000000000000000000000000000000000000018,reentrancy,0,0.4479,0
0x0000000000000000000000000000000000000019,loops,0,0.3535,0
0x000000000000000000000000000000000000001a,timestamp,0,0.4185,0
0x000000000000000000000000000000000000001b,timestamp,0,0.6578,0
0x000000000000000000000000000000000000001c,bridge,0,0.3053,0
0x000000000000000000000000000000000000001d,reentrancy,0,0.8471,0
0x000000000000000000000000000000000000001e,bridge,0,0.6241,0
0x000000000000000000000000000000000000001f,reentrancy,0,0.8841,0
0x0000000000000000000000000000000000000020,bridge,0,0.5408,0
0x0000000000000000000000000000000000000021,loops,0,0.44,0
0x0000000000000000000000000000000000000022,access-control,0,0.549,0
0x0000000000000000000000000000000000000023,access-control,0,0.4806,0
0x0000000000000000000000000000000000000024,timestamp,0,0.2238,0
0x0000000000000000000000000000000000000025,loops,0,0.7321,0
0x0000000000000000000000000000000000000026,reentrancy,0,0.3609,0
0x0000000000000000000000000000000000000027,bridge,0,0.4514,0
0x0000000000000000000000000000000000000028,reentrancy,0,0.5251,0
0x0000000000000000000000000000000000000029,loops,0,0.3183,0
0x000000000000000000000000000000000000002a,timestamp,0,0.3852,0
0x000000000000000000000000000000000000002b,loops,0,0.4958,0
0x000000000000000000000000000000000000002c,access-control,0,0.2851,0
0x000000000000000000000000000000000000002d,timestamp,0,0.5866,0
0x000000000000000000000000000000000000002e,bridge,0,0.4894,0
0x000000000000000000000000000000000000002f,access-control,0,0.3679,0
0x0000000000000000000000000000000000000030,timestamp,0,0.1708,0
0x0000000000000000000000000000000000000031,bridge,0,0.7771,0
0x0000000000000000000000000000000000000032,access-control,0,0.4852,0
0x0000000000000000000000000000000000000033,loops,0,0.3544,0
0x0000000000000000000000000000000000000034,timestamp,0,0.5474,0
0x0000000000000000000000000000000000000035,loops,0,0.4956,0
0x0000000000000000000000000000000000000036,access-control,0,0.2329,0
0x0000000000000000000000000000000000000037,access-control,0,0.5528,0
0x0000000000000000000000000000000000000038,reentrancy,0,0.6553,0
0x0000000000000000000000000000000000000039,bridge,0,0.5638,0
0x000000000000000000000000000000000000003a,bridge,1,0.9617,1
0x000000000000000000000000000000000000003b,timestamp,0,0.112,0
0x000000000000000000000000000000000000003c,bridge,0,0.561,0
0x000000000000000000000000000000000000003d,loops,0,0.8557,0
0x000000000000000000000000000000000000003e,bridge,0,0.9369,0
0x000000000000000000000000000000000000003f,bridge,0,0.6587,0
0x0000000000000000000000000000000000000040,access-control,0,0.8808,0
0x0000000000000000000000000000000000000041,bridge,0,0.2412,0
0x0000000000000000000000000000000000000042,bridge,0,0.5372,0
0x0000000000000000000000000000000000000043,reentrancy,0,0.2493,0
0x0000000000000000000000000000000000000044,reentrancy,0,0.2034,0
0x0000000000000000000000000000000000000045,loops,0,0.443,0
0x0000000000000000000000000000000000000046,loops,0,0.5116,0
0x0000000000000000000000000000000000000047,reentrancy,0,0.6242,0
0x0000000000000000000000000000000000000048,timestamp,0,0.6328,0
0x0000000000000000000000000000000000000049,timestamp,1,0.9508,1
0x000000000000000000000000000000000000004a,loops,0,0.4165,0
0x000000000000000000000000000000000000004b,timestamp,0,0.663,0
0x000000000000000000000000000000000000004c,access-control,0,0.487,0
0x000000000000000000000000000000000000004d,timestamp,0,0.4839,0
0x000000000000000000000000000000000000004e,access-control,0,0.4115,0
0x000000000000000000000000000000000000004f,loops,0,0.7717,0
0x0000000000000000000000000000000000000050,bridge,0,0.3765,0
0x0000000000000000000000000000000000000051,reentrancy,0,0.3148,0
0x0000000000000000000000000000000000000052,reentrancy,0,0.6238,0
0x0000000000000000000000000000000000000053,timestamp,0,0.4493,0
0x0000000000000000000000000000000000000054,loops,0,0.5727,0
0x0000000000000000000000000000000000000055,timestamp,0,0.2267,0
0x0000000000000000000000000000000000000056,reentrancy,0,0.2291,0
0x0000000000000000000000000000000000000057,loops,0,0.5287,0
0x0000000000000000000000000000000000000058,reentrancy,0,0.4379,0
0x0000000000000000000000000000000000000059,access-control,0,0.859,0
0x000000000000000000000000000000000000005a,timestamp,0,0.0854,0
0x000000000000000000000000000000000000005b,access-control,0,0.7289,0
0x000000000000000000000000000000000000005c,reentrancy,0,0.4812,0
0x000000000000000000000000000000000000005d,reentrancy,0,0.2857,0
0x000000000000000000000000000000000000005e,access-control,0,0.4589,0
0x000000000000000000000000000000000000005f,bridge,0,0.6909,0
0x0000000000000000000000000000000000000060,bridge,0,0.6195,0
0x0000000000000000000000000000000000000061,bridge,1,0.9714,1
0x0000000000000000000000000000000000000062,access-control,0,0.6769,0
0x0000000000000000000000000000000000000063,bridge,0,0.1477,0
0x0000000000000000000000000000000000000064,bridge,1,0.9152,1
0x0000000000000000000000000000000000000065,loops,0,0.2397,0
0x0000000000000000000000000000000000000066,loops,0,0.5024,0
0x0000000000000000000000000000000000000067,loops,0,0.7363,0
0x0000000000000000000000000000000000000068,timestamp,0,0.3579,0
0x0000000000000000000000000000000000000069,loops,0,0.5744,0
0x000000000000000000000000000000000000006a,bridge,0,0.0885,0
0x000000000000000000000000000000000000006b,timestamp,0,0.2717,0
0x000000000000000000000000000000000000006c,access-control,1,0.8549,1
0x000000000000000000000000000000000000006d,timestamp,0,0.7528,0
0x000000000000000000000000000000000000006e,bridge,0,0.7829,0
0x000000000000000000000000000000000000006f,bridge,0,0.493,0
0x0000000000000000000000000000000000000070,timestamp,0,0.3268,0
0x0000000000000000000000000000000000000071,loops,0,0.697,0
0x0000000000000000000000000000000000000072,reentrancy,0,0.2408,0
0x0000000000000000000000000000000000000073,bridge,0,0.2786,0
0x0000000000000000000000000000000000000074,timestamp,0,0.3382,0
0x0000000000000000000000000000000000000075,loops,0,0.4779,0
0x0000000000000000000000000000000000000076,reentrancy,0,0.6599,0
0x0000000000000000000000000000000000000077,loops,0,0.6123,0
0x0000000000000000000000000000000000000078,bridge,0,0.1277,0
0x0000000000000000000000000000000000000079,timestamp,0,0.8498,0
0x000000000000000000000000000000000000007a,loops,0,0.7274,0
0x000000000000000000000000000000000000007b,bridge,0,0.4718,0
0x000000000000000000000000000000000000007c,timestamp,0,0.113,0
0x000000000000000000000000000000000000007d,access-control,0,0.4645,0
0x000000000000000000000000000000000000007e,reentrancy,0,0.4138,0
0x000000000000000000000000000000000000007f,access-control,0,0.5173,0
0x0000000000000000000000000000000000000080,reentrancy,0,0.1601,0
0x0000000000000000000000000000000000000081,access-control,0,0.4497,0
0x0000000000000000000000000000000000000082,timestamp,0,0.3473,0
0x0000000000000000000000000000000000000083,reentrancy,0,0.6079,0
0x0000000000000000000000000000000000000084,access-control,0,0.4569,0
0x0000000000000000000000000000000000000085,loops,0,0.7798,0
0x0000000000000000000000000000000000000086,loops,0,0.1993,0
0x0000000000000000000000000000000000000087,access-control,0,0.8767,0
0x0000000000000000000000000000000000000088,timestamp,0,0.8329,0
0x0000000000000000000000000000000000000089,reentrancy,0,0.768,0
0x000000000000000000000000000000000000008a,timestamp,0,0.4228,0
0x000000000000000000000000000000000000008b,access-control,0,0.8059,0
0x000000000000000000000000000000000000008c,timestamp,0,0.4687,0
0x000000000000000000000000000000000000008d,timestamp,0,0.4278,0
0x000000000000000000000000000000000000008e,bridge,0,0.892,0
0x000000000000000000000000000000000000008f,bridge,0,0.4749,0
0x0000000000000000000000000000000000000090,access-control,0,0.4885,0
0x0000000000000000000000000000000000000091,timestamp,0,0.4533,0
0x0000000000000000000000000000000000000092,loops,0,0.1527,0
0x0000000000000000000000000000000000000093,access-control,0,0.542,0
0x0000000000000000000000000000000000000094,reentrancy,0,0.8042,0
0x0000000000000000000000000000000000000095,reentrancy,0,0.3599,0
0x0000000000000000000000000000000000000096,timestamp,0,0.5946,0
0x0000000000000000000000000000000000000097,timestamp,0,0.6853,0
0x0000000000000000000000000000000000000098,loops,0,0.2449,0
0x0000000000000000000000000000000000000099,timestamp,0,0.6597,0
0x000000000000000000000000000000000000009a,access-control,0,0.7646,0
0x000000000000000000000000000000000000009b,loops,0,0.6713,0
0x000000000000000000000000000000000000009c,reentrancy,0,0.1739,0
0x000000000000000000000000000000000000009d,access-control,0,0.3996,0
0x000000000000000000000000000000000000009e,timestamp,0,0.3717,0
0x000000000000000000000000000000000000009f,timestamp,0,0.5341,0
0x00000000000000000000000000000000000000a0,access-control,0,0.5811,0
0x00000000000000000000000000000000000000a1,access-control,0,0.7548,0
0x00000000000000000000000000000000000000a2,timestamp,0,0.4698,0
0x00000000000000000000000000000000000000a3,loops,0,0.6937,0
0x00000000000000000000000000000000000000a4,loops,0,0.4646,0
0x00000000000000000000000000000000000000a5,loops,0,0.5324,0
0x00000000000000000000000000000000000000a6,access-control,0,0.7605,0
0x00000000000000000000000000000000000000a7,access-control,0,0.2826,0
0x00000000000000000000000000000000000000a8,access-control,0,0.1876,0
0x00000000000000000000000000000000000000a9,timestamp,0,0.8907,0
0x00000000000000000000000000000000000000aa,loops,0,0.4764,0
0x00000000000000000000000000000000000000ab,bridge,0,0.7871,0
0x00000000000000000000000000000000000000ac,timestamp,0,0.2116,0
0x00000000000000000000000000000000000000ad,reentrancy,0,0.7727,0
0x00000000000000000000000000000000000000ae,timestamp,0,0.4124,0
0x00000000000000000000000000000000000000af,loops,0,0.6191,0
0x00000000000000000000000000000000000000b0,timestamp,0,0.4581,0
0x00000000000000000000000000000000000000b1,reentrancy,0,0.5568,0
0x00000000000000000000000000000000000000b2,timestamp,0,0.607,0
0x00000000000000000000000000000000000000b3,access-control,0,0.6555,0
0x00000000000000000000000000000000000000b4,access-control,0,0.4073,0
0x00000000000000000000000000000000000000b5,timestamp,0,0.294,0
0x00000000000000000000000000000000000000b6,reentrancy,0,0.4145,0
0x00000000000000000000000000000000000000b7,bridge,0,0.7391,0
0x00000000000000000000000000000000000000b8,bridge,0,0.5141,0
0x00000000000000000000000000000000000000b9,timestamp,0,0.3266,0
0x00000000000000000000000000000000000000ba,access-control,0,0.5417,0
0x00000000000000000000000000000000000000bb,timestamp,0,0.1325,0
0x00000000000000000000000000000000000000bc,loops,0,0.6927,0
0x00000000000000000000000000000000000000bd,timestamp,0,0.0584,0
0x00000000000000000000000000000000000000be,access-control,0,0.687,0
0x00000000000000000000000000000000000000bf,access-control,0,0.5806,0
0x00000000000000000000000000000000000000c0,loops,0,0.5836,0
0x00000000000000000000000000000000000000c1,loops,0,0.6893,0
0x00000000000000000000000000000000000000c2,access-control,0,0.3766,0
0x00000000000000000000000000000000000000c3,timestamp,0,0.6796,0
0x00000000000000000000000000000000000000c4,reentrancy,0,0.9168,0
0x00000000000000000000000000000000000000c5,bridge,0,0.3623,0
0x00000000000000000000000000000000000000c6,reentrancy,0,0.1156,0
0x00000000000000000000000000000000000000c7,timestamp,0,0.7172,0
0x00000000000000000000000000000000000000c8,access-control,0,0.854,0
0x00000000000000000000000000000000000000c9,bridge,0,0.1731,0
0x00000000000000000000000000000000000000ca,timestamp,0,0.3853,0
0x00000000000000000000000000000000000000cb,timestamp,0,0.4898,0
0x00000000000000000000000000000000000000cc,timestamp,0,0.4386,0
0x00000000000000000000000000000000000000cd,timestamp,0,0.9481,0
0x00000000000000000000000000000000000000ce,loops,0,0.1672,0
0x00000000000000000000000000000000000000cf,access-control,0,0.4214,0
0x00000000000000000000000000000000000000d0,reentrancy,1,0.9181,1
0x00000000000000000000000000000000000000d1,access-control,0,0.4495,0
0x00000000000000000000000000000000000000d2,bridge,0,0.4826,0
0x00000000000000000000000000000000000000d3,timestamp,0,0.5619,0
0x00000000000000000000000000000000000000d4,timestamp,0,0.5278,0
0x00000000000000000000000000000000000000d5,reentrancy,0,0.7526,0
0x00000000000000000000000000000000000000d6,access-control,0,0.4966,0
0x00000000000000000000000000000000000000d7,timestamp,0,0.816,0
0x00000000000000000000000000000000000000d8,reentrancy,0,0.5371,0
0x00000000000000000000000000000000000000d9,timestamp,0,0.4113,0
0x00000000000000000000000000000000000000da,access-control,0,0.209,0
0x00000000000000000000000000000000000000db,loops,0,0.3121,0
0x00000000000000000000000000000000000000dc,bridge,0,0.8298,0
0x00000000000000000000000000000000000000dd,timestamp,0,0.6019,0
0x00000000000000000000000000000000000000de,timestamp,0,0.3241,0
0x00000000000000000000000000000000000000df,access-control,0,0.5096,0
0x00000000000000000000000000000000000000e0,loops,0,0.2379,0
0x00000000000000000000000000000000000000e1,access-control,0,0.3351,0
0x00000000000000000000000000000000000000e2,bridge,0,0.2581,0
0x00000000000000000000000000000000000000e3,timestamp,0,0.754,0
0x00000000000000000000000000000000000000e4,loops,0,0.6072,0
0x00000000000000000000000000000000000000e5,timestamp,0,0.5523,0
0x00000000000000000000000000000000000000e6,loops,0,0.4881,0
0x00000000000000000000000000000000000000e7,reentrancy,0,0.4452,0
0x00000000000000000000000000000000000000e8,timestamp,0,0.0668,0
0x00000000000000000000000000000000000000e9,bridge,0,0.2123,0
0x00000000000000000000000000000000000000ea,bridge,0,0.4442,0
0x00000000000000000000000000000000000000eb,reentrancy,0,0.3534,0
0x00000000000000000000000000000000000000ec,access-control,0,0.7499,0
0x00000000000000000000000000000000000000ed,access-control,0,0.4742,0
0x00000000000000000000000000000000000000ee,loops,0,0.7012,0
0x00000000000000000000000000000000000000ef,loops,0,0.4094,0
0x00000000000000000000000000000000000000f0,timestamp,0,0.0744,0
0x00000000000000000000000000000000000000f1,timestamp,0,0.6717,0
0x00000000000000000000000000000000000000f2,access-control,0,0.3514,0
0x00000000000000000000000000000000000000f3,timestamp,0,0.3294,0
0x00000000000000000000000000000000000000f4,reentrancy,0,0.7022,0
0x00000000000000000000000000000000000000f5,loops,0,0.3275,0
0x00000000000000000000000000000000000000f6,loops,0,0.7018,0
0x00000000000000000000000000000000000000f7,access-control,0,0.4489,0
0x00000000000000000000000000000000000000f8,loops,0,0.4767,0
0x00000000000000000000000000000000000000f9,access-control,0,0.4774,0
0x00000000000000000000000000000000000000fa,reentrancy,0,0.784,0
0x00000000000000000000000000000000000000fb,timestamp,0,0.7591,0
0x00000000000000000000000000000000000000fc,loops,0,0.3454,0
0x00000000000000000000000000000000000000fd,bridge,0,0.2528,0
0x00000000000000000000000000000000000000fe,reentrancy,0,0.4888,0
0x00000000000000000000000000000000000000ff,access-control,0,0.7784,0
0x0000000000000000000000000000000000000100,bridge,1,0.9489,1
0x0000000000000000000000000000000000000101,reentrancy,0,0.8492,0
0x0000000000000000000000000000000000000102,bridge,0,0.5915,0
0x0000000000000000000000000000000000000103,reentrancy,0,0.6638,0
0x0000000000000000000000000000000000000104,timestamp,0,0.0503,0
0x0000000000000000000000000000000000000105,reentrancy,0,0.4429,0
0x0000000000000000000000000000000000000106,timestamp,0,0.3532,0
0x0000000000000000000000000000000000000107,timestamp,0,0.5107,0
0x0000000000000000000000000000000000000108,access-control,0,0.3352,0
0x0000000000000000000000000000000000000109,access-control,0,0.2909,0
0x000000000000000000000000000000000000010a,bridge,0,0.6177,0
0x000000000000000000000000000000000000010b,loops,0,0.3235,0
0x000000000000000000000000000000000000010c,reentrancy,0,0.5998,0
0x000000000000000000000000000000000000010d,access-control,0,0.4576,0
0x000000000000000000000000000000000000010e,reentrancy,0,0.3091,0
0x000000000000000000000000000000000000010f,bridge,0,0.7137,0
0x0000000000000000000000000000000000000110,bridge,0,0.5733,0
0x0000000000000000000000000000000000000111,bridge,0,0.5435,0
0x0000000000000000000000000000000000000112,loops,0,0.7945,0
0x0000000000000000000000000000000000000113,reentrancy,0,0.6681,0
0x0000000000000000000000000000000000000114,bridge,0,0.3005,0
0x0000000000000000000000000000000000000115,access-control,0,0.6658,0
0x0000000000000000000000000000000000000116,loops,0,0.7945,0
0x0000000000000000000000000000000000000117,timestamp,0,0.3471,0
0x0000000000000000000000000000000000000118,loops,0,0.5054,0
0x0000000000000000000000000000000000000119,reentrancy,0,0.8638,0
0x000000000000000000000000000000000000011a,reentrancy,0,0.6246,0
0x000000000000000000000000000000000000011b,reentrancy,0,0.2508,0
0x000000000000000000000000000000000000011c,loops,0,0.8592,0
0x000000000000000000000000000000000000011d,access-control,0,0.297,0
0x000000000000000000000000000000000000011e,timestamp,0,0.2742,0
0x000000000000000000000000000000000000011f,reentrancy,0,0.3835,0
0x0000000000000000000000000000000000000120,access-control,0,0.2835,0
0x0000000000000000000000000000000000000121,timestamp,0,0.2359,0
0x0000000000000000000000000000000000000122,timestamp,0,0.554,0
0x0000000000000000000000000000000000000123,timestamp,0,0.2635,0
0x0000000000000000000000000000000000000124,bridge,0,0.2107,0
0x0000000000000000000000000000000000000125,bridge,0,0.3036,0
0x0000000000000000000000000000000000000126,loops,0,0.3661,0
0x0000000000000000000000000000000000000127,bridge,0,0.6216,0
0x0000000000000000000000000000000000000128,access-control,0,0.5793,0
0x0000000000000000000000000000000000000129,reentrancy,0,0.0832,0
0x000000000000000000000000000000000000012a,access-control,1,0.9567,1
0x000000000000000000000000000000000000012b,loops,0,0.3772,0
0x000000000000000000000000000000000000012c,timestamp,0,0.8624,0
0x000000000000000000000000000000000000012d,bridge,0,0.6935,0
0x000000000000000000000000000000000000012e,bridge,0,0.3802,0
0x000000000000000000000000000000000000012f,bridge,0,0.6118,0
0x0000000000000000000000000000000000000130,reentrancy,0,0.4866,0
0x0000000000000000000000000000000000000131,timestamp,0,0.2838,0
0x0000000000000000000000000000000000000132,access-control,0,0.7137,0
0x0000000000000000000000000000000000000133,timestamp,0,0.2854,0
0x0000000000000000000000000000000000000134,access-control,0,0.8187,0
0x0000000000000000000000000000000000000135,timestamp,0,0.4346,0
0x0000000000000000000000000000000000000136,reentrancy,0,0.413,0
0x0000000000000000000000000000000000000137,access-control,0,0.6931,0
0x0000000000000000000000000000000000000138,loops,0,0.3043,0
0x0000000000000000000000000000000000000139,reentrancy,0,0.6271,0
0x000000000000000000000000000000000000013a,loops,1,0.956,1
0x000000000000000000000000000000000000013b,loops,0,0.5468,0
0x000000000000000000000000000000000000013c,loops,0,0.5743,0
0x000000000000000000000000000000000000013d,bridge,0,0.9104,0
0x000000000000000000000000000000000000013e,loops,0,0.5051,0
0x000000000000000000000000000000000000013f,access-control,0,0.7135,0
0x0000000000000000000000000000000000000140,bridge,0,0.5767,0
0x0000000000000000000000000000000000000141,timestamp,1,0.9293,1
0x0000000000000000000000000000000000000142,timestamp,0,0.5944,0
0x0000000000000000000000000000000000000143,timestamp,0,0.1654,0
0x0000000000000000000000000000000000000144,access-control,0,0.7786,0
0x0000000000000000000000000000000000000145,timestamp,0,0.4567,0
0x0000000000000000000000000000000000000146,timestamp,0,0.5437,0
0x0000000000000000000000000000000000000147,timestamp,0,0.9471,0
0x0000000000000000000000000000000000000148,loops,0,0.772,0
0x0000000000000000000000000000000000000149,access-control,0,0.2298,0
0x000000000000000000000000000000000000014a,reentrancy,0,0.3959,0
0x000000000000000000000000000000000000014b,access-control,0,0.5372,0
0x000000000000000000000000000000000000014c,loops,0,0.8972,0
0x000000000000000000000000000000000000014d,access-control,0,0.1339,0
0x000000000000000000000000000000000000014e,access-control,0,0.5967,0
0x000000000000000000000000000000000000014f,loops,0,0.7663,0
0x0000000000000000000000000000000000000150,timestamp,0,0.7032,0
0x0000000000000000000000000000000000000151,bridge,0,0.8394,0
0x0000000000000000000000000000000000000152,bridge,0,0.1653,0
0x0000000000000000000000000000000000000153,timestamp,0,0.7967,0
0x0000000000000000000000000000000000000154,timestamp,0,0.4592,0
0x0000000000000000000000000000000000000155,access-control,0,0.7687,0
0x0000000000000000000000000000000000000156,bridge,0,0.5548,0
0x0000000000000000000000000000000000000157,loops,0,0.1825,0
0x0000000000000000000000000000000000000158,loops,0,0.73,0
0x0000000000000000000000000000000000000159,reentrancy,0,0.622,0
0x000000000000000000000000000000000000015a,reentrancy,0,0.5573,0
0x000000000000000000000000000000000000015b,bridge,0,0.6534,0
0x000000000000000000000000000000000000015c,reentrancy,0,0.5223,0
0x000000000000000000000000000000000000015d,timestamp,0,0.6021,0
0x000000000000000000000000000000000000015e,loops,0,0.9386,0
0x000000000000000000000000000000000000015f,timestamp,0,0.3972,0
0x0000000000000000000000000000000000000160,loops,0,0.5805,0
0x0000000000000000000000000000000000000161,timestamp,0,0.7754,0
0x0000000000000000000000000000000000000162,access-control,0,0.2088,0
0x0000000000000000000000000000000000000163,access-control,0,0.358,0
0x0000000000000000000000000000000000000164,bridge,0,0.404,0
0x0000000000000000000000000000000000000165,timestamp,0,0.6242,0
0x0000000000000000000000000000000000000166,bridge,0,0.7573,0
0x0000000000000000000000000000000000000167,access-control,0,0.6862,0
0x0000000000000000000000000000000000000168,timestamp,0,0.518,0
0x0000000000000000000000000000000000000169,timestamp,0,0.4861,0
0x000000000000000000000000000000000000016a,access-control,0,0.7443,0
0x000000000000000000000000000000000000016b,access-control,0,0.1823,0
0x000000000000000000000000000000000000016c,timestamp,0,0.9106,0
0x000000000000000000000000000000000000016d,timestamp,0,0.6848,0
0x000000000000000000000000000000000000016e,timestamp,0,0.345,0
0x000000000000000000000000000000000000016f,access-control,0,0.436,0
0x0000000000000000000000000000000000000170,timestamp,0,0.4592,0
0x0000000000000000000000000000000000000171,loops,0,0.2905,0
0x0000000000000000000000000000000000000172,access-control,0,0.8172,0
0x0000000000000000000000000000000000000173,access-control,0,0.1075,0
0x0000000000000000000000000000000000000174,access-control,0,0.6662,0
0x0000000000000000000000000000000000000175,bridge,0,0.3601,0
0x0000000000000000000000000000000000000176,bridge,0,0.464,0
0x0000000000000000000000000000000000000177,bridge,0,0.187,0
0x0000000000000000000000000000000000000178,access-control,0,0.2649,0
0x0000000000000000000000000000000000000179,loops,1,0.812,1
0x000000000000000000000000000000000000017a,timestamp,0,0.396,0
0x000000000000000000000000000000000000017b,reentrancy,0,0.3948,0
0x000000000000000000000000000000000000017c,timestamp,0,0.8196,0
0x000000000000000000000000000000000000017d,access-control,0,0.7152,0
0x000000000000000000000000000000000000017e,access-control,0,0.7109,0
0x000000000000000000000000000000000000017f,access-control,0,0.7514,0
0x0000000000000000000000000000000000000180,bridge,0,0.5673,0
0x0000000000000000000000000000000000000181,reentrancy,0,0.2594,0
0x0000000000000000000000000000000000000182,bridge,0,0.4046,0
0x0000000000000000000000000000000000000183,reentrancy,0,0.2468,0
0x0000000000000000000000000000000000000184,access-control,0,0.6815,0
0x0000000000000000000000000000000000000185,timestamp,0,0.299,0
0x0000000000000000000000000000000000000186,access-control,0,0.7715,0
0x0000000000000000000000000000000000000187,bridge,0,0.3242,0
0x0000000000000000000000000000000000000188,access-control,0,0.5762,0
0x0000000000000000000000000000000000000189,loops,0,0.6245,0
0x000000000000000000000000000000000000018a,loops,0,0.3629,0
0x000000000000000000000000000000000000018b,reentrancy,0,0.7318,0
0x000000000000000000000000000000000000018c,bridge,0,0.7994,0
0x000000000000000000000000000000000000018d,loops,0,0.2827,0
0x000000000000000000000000000000000000018e,bridge,0,0.4507,0
0x000000000000000000000000000000000000018f,timestamp,0,0.2303,0
0x0000000000000000000000000000000000000190,loops,0,0.7932,0
0x0000000000000000000000000000000000000191,access-control,0,0.147,0
0x0000000000000000000000000000000000000192,reentrancy,0,0.2516,0
0x0000000000000000000000000000000000000193,loops,0,0.3107,0
0x0000000000000000000000000000000000000194,bridge,0,0.2355,0
0x0000000000000000000000000000000000000195,timestamp,0,0.7692,0
0x0000000000000000000000000000000000000196,access-control,0,0.8183,0
0x0000000000000000000000000000000000000197,timestamp,0,0.4572,0
0x0000000000000000000000000000000000000198,access-control,0,0.4948,0
0x0000000000000000000000000000000000000199,access-control,0,0.8403,0
0x000000000000000000000000000000000000019a,timestamp,0,0.6467,0
0x000000000000000000000000000000000000019b,timestamp,0,0.107,0
0x000000000000000000000000000000000000019c,loops,0,0.63,0
0x000000000000000000000000000000000000019d,loops,0,0.6904,0
0x000000000000000000000000000000000000019e,reentrancy,0,0.4484,0
0x000000000000000000000000000000000000019f,timestamp,0,0.4904,0
0x00000000000000000000000000000000000001a0,loops,0,0.5875,0
0x00000000000000000000000000000000000001a1,bridge,0,0.8081,0
0x00000000000000000000000000000000000001a2,reentrancy,0,0.1553,0
0x00000000000000000000000000000000000001a3,access-control,0,0.3932,0
0x00000000000000000000000000000000000001a4,access-control,0,0.2893,0
0x00000000000000000000000000000000000001a5,access-control,0,0.5974,0
0x00000000000000000000000000000000000001a6,timestamp,0,0.0588,0
0x00000000000000000000000000000000000001a7,bridge,0,0.6091,0
0x00000000000000000000000000000000000001a8,loops,0,0.6925,0
0x00000000000000000000000000000000000001a9,reentrancy,0,0.4465,0
0x00000000000000000000000000000000000001aa,access-control,0,0.5098,0
0x00000000000000000000000000000000000001ab,bridge,0,0.7111,0
0x00000000000000000000000000000000000001ac,access-control,0,0.8355,0
0x00000000000000000000000000000000000001ad,timestamp,0,0.5084,0
0x00000000000000000000000000000000000001ae,loops,0,0.866,0
0x00000000000000000000000000000000000001af,loops,0,0.7374,0
0x00000000000000000000000000000000000001b0,bridge,0,0.308,0
0x00000000000000000000000000000000000001b1,loops,0,0.6068,0
0x00000000000000000000000000000000000001b2,bridge,0,0.7159,0
0x00000000000000000000000000000000000001b3,loops,0,0.1721,0
0x00000000000000000000000000000000000001b4,timestamp,0,0.7866,0
0x00000000000000000000000000000000000001b5,reentrancy,0,0.3969,0
0x00000000000000000000000000000000000001b6,loops,0,0.1929,0
0x00000000000000000000000000000000000001b7,loops,0,0.4563,0
0x00000000000000000000000000000000000001b8,timestamp,0,0.3569,0
0x00000000000000000000000000000000000001b9,bridge,0,0.6689,0
0x00000000000000000000000000000000000001ba,access-control,1,0.932,1
0x00000000000000000000000000000000000001bb,loops,0,0.6877,0
0x00000000000000000000000000000000000001bc,timestamp,0,0.857,0
0x00000000000000000000000000000000000001bd,access-control,0,0.1423,0
0x00000000000000000000000000000000000001be,access-control,0,0.6523,0
0x00000000000000000000000000000000000001bf,access-control,0,0.1103,0
0x00000000000000000000000000000000000001c0,access-control,0,0.2955,0
0x00000000000000000000000000000000000001c1,access-control,0,0.5786,0
0x00000000000000000000000000000000000001c2,bridge,0,0.4529,0
0x00000000000000000000000000000000000001c3,loops,0,0.5476,0
0x00000000000000000000000000000000000001c4,access-control,0,0.5123,0
0x00000000000000000000000000000000000001c5,reentrancy,0,0.3778,0
0x00000000000000000000000000000000000001c6,access-control,0,0.1985,0
0x00000000000000000000000000000000000001c7,reentrancy,1,0.9147,1
0x00000000000000000000000000000000000001c8,bridge,0,0.5247,0
0x00000000000000000000000000000000000001c9,bridge,0,0.32,0
0x00000000000000000000000000000000000001ca,timestamp,0,0.3986,0
0x00000000000000000000000000000000000001cb,loops,0,0.2266,0
0x00000000000000000000000000000000000001cc,timestamp,0,0.342,0
0x00000000000000000000000000000000000001cd,reentrancy,0,0.4072,0
0x00000000000000000000000000000000000001ce,bridge,0,0.3775,0
0x00000000000000000000000000000000000001cf,reentrancy,0,0.1482,0
0x00000000000000000000000000000000000001d0,access-control,0,0.7989,0
0x00000000000000000000000000000000000001d1,loops,0,0.1343,0
0x00000000000000000000000000000000000001d2,timestamp,0,0.4954,0
0x00000000000000000000000000000000000001d3,loops,0,0.2057,0
0x00000000000000000000000000000000000001d4,bridge,0,0.7603,0
0x00000000000000000000000000000000000001d5,bridge,0,0.6105,0
0x00000000000000000000000000000000000001d6,reentrancy,0,0.3828,0
0x00000000000000000000000000000000000001d7,reentrancy,0,0.5873,0
0x00000000000000000000000000000000000001d8,bridge,0,0.3925,0
0x00000000000000000000000000000000000001d9,access-control,0,0.5244,0
0x00000000000000000000000000000000000001da,reentrancy,0,0.8401,0
0x00000000000000000000000000000000000001db,reentrancy,0,0.3115,0
0x00000000000000000000000000000000000001dc,loops,0,0.1033,0
0x00000000000000000000000000000000000001dd,bridge,0,0.6597,0
0x00000000000000000000000000000000000001de,reentrancy,0,0.3567,0
0x00000000000000000000000000000000000001df,loops,0,0.2223,0
0x00000000000000000000000000000000000001e0,access-control,0,0.7366,0
0x00000000000000000000000000000000000001e1,timestamp,0,0.4469,0
0x00000000000000000000000000000000000001e2,timestamp,0,0.3225,0
0x00000000000000000000000000000000000001e3,timestamp,0,0.2788,0
0x00000000000000000000000000000000000001e4,timestamp,0,0.5175,0
0x00000000000000000000000000000000000001e5,loops,0,0.4575,0
0x00000000000000000000000000000000000001e6,timestamp,0,0.0684,0
0x00000000000000000000000000000000000001e7,timestamp,0,0.4428,0
0x00000000000000000000000000000000000001e8,timestamp,0,0.2978,0
0x00000000000000000000000000000000000001e9,access-control,0,0.5417,0
0x00000000000000000000000000000000000001ea,timestamp,0,0.5034,0
0x00000000000000000000000000000000000001eb,loops,0,0.7854,0
0x00000000000000000000000000000000000001ec,timestamp,0,0.5994,0
0x00000000000000000000000000000000000001ed,bridge,0,0.621,0
0x00000000000000000000000000000000000001ee,timestamp,1,0.8387,1
0x00000000000000000000000000000000000001ef,bridge,1,0.8577,1
0x00000000000000000000000000000000000001f0,access-control,0,0.0494,0
0x00000000000000000000000000000000000001f1,access-control,0,0.4834,0
0x00000000000000000000000000000000000001f2,reentrancy,0,0.8701,0
0x00000000000000000000000000000000000001f3,loops,0,0.926,0
0x00000000000000000000000000000000000001f4,access-control,0,0.7176,0
0x00000000000000000000000000000000000001f5,timestamp,0,0.3173,0
0x00000000000000000000000000000000000001f6,reentrancy,0,0.6254,0
0x00000000000000000000000000000000000001f7,timestamp,0,0.8599,0
0x00000000000000000000000000000000000001f8,timestamp,0,0.5665,0
0x00000000000000000000000000000000000001f9,loops,0,0.1599,0
0x00000000000000000000000000000000000001fa,reentrancy,0,0.4219,0
0x00000000000000000000000000000000000001fb,loops,0,0.522,0
0x00000000000000000000000000000000000001fc,reentrancy,0,0.6309,0
0x00000000000000000000000000000000000001fd,access-control,0,0.4824,0
0x00000000000000000000000000000000000001fe,timestamp,0,0.4289,0
0x00000000000000000000000000000000000001ff,bridge,0,0.0964,0
0x0000000000000000000000000000000000000200,reentrancy,0,0.5555,0
0x0000000000000000000000000000000000000201,bridge,0,0.4835,0
0x0000000000000000000000000000000000000202,timestamp,0,0.8776,0
0x0000000000000000000000000000000000000203,reentrancy,0,0.039,0
0x0000000000000000000000000000000000000204,timestamp,0,0.0895,0
0x0000000000000000000000000000000000000205,timestamp,0,0.2001,0
0x0000000000000000000000000000000000000206,timestamp,0,0.3201,0
0x0000000000000000000000000000000000000207,reentrancy,0,0.12,0
0x0000000000000000000000000000000000000208,access-control,0,0.7114,0
0x0000000000000000000000000000000000000209,timestamp,0,0.7035,0
0x000000000000000000000000000000000000020a,reentrancy,0,0.1067,0
0x000000000000000000000000000000000000020b,loops,0,0.3852,0
0x000000000000000000000000000000000000020c,reentrancy,0,0.5885,0
0x000000000000000000000000000000000000020d,bridge,0,0.4753,0
0x000000000000000000000000000000000000020e,bridge,0,0.3521,0
0x000000000000000000000000000000000000020f,reentrancy,0,0.8286,0
0x0000000000000000000000000000000000000210,bridge,0,0.393,0
0x0000000000000000000000000000000000000211,bridge,0,0.1574,0
0x0000000000000000000000000000000000000212,timestamp,0,0.4745,0
0x0000000000000000000000000000000000000213,loops,0,0.6691,0
0x0000000000000000000000000000000000000214,timestamp,0,0.8392,0
0x0000000000000000000000000000000000000215,access-control,0,0.2843,0
0x0000000000000000000000000000000000000216,access-control,0,0.575,0
0x0000000000000000000000000000000000000217,reentrancy,0,0.2062,0
0x0000000000000000000000000000000000000218,access-control,0,0.629,0
0x0000000000000000000000000000000000000219,timestamp,0,0.2508,0
0x000000000000000000000000000000000000021a,loops,0,0.4628,0
0x000000000000000000000000000000000000021b,loops,0,0.2441,0
0x000000000000000000000000000000000000021c,reentrancy,0,0.3381,0
0x000000000000000000000000000000000000021d,timestamp,0,0.3963,0
0x000000000000000000000000000000000000021e,access-control,0,0.7604,0
0x000000000000000000000000000000000000021f,bridge,1,0.9681,1
0x0000000000000000000000000000000000000220,timestamp,0,0.7683,0
0x0000000000000000000000000000000000000221,access-control,0,0.4799,0
0x0000000000000000000000000000000000000222,reentrancy,0,0.6178,0
0x0000000000000000000000000000000000000223,bridge,0,0.6724,0
0x0000000000000000000000000000000000000224,timestamp,0,0.6374,0
0x0000000000000000000000000000000000000225,timestamp,0,0.9453,0
0x0000000000000000000000000000000000000226,access-control,0,0.4937,0
0x0000000000000000000000000000000000000227,reentrancy,0,0.638,0
0x0000000000000000000000000000000000000228,reentrancy,0,0.5378,0
0x0000000000000000000000000000000000000229,bridge,0,0.6096,0
0x000000000000000000000000000000000000022a,access-control,1,0.5951,1
0x000000000000000000000000000000000000022b,access-control,0,0.8583,0
0x000000000000000000000000000000000000022c,loops,0,0.8226,0
0x000000000000000000000000000000000000022d,loops,0,0.3823,0
0x000000000000000000000000000000000000022e,reentrancy,0,0.094,0
0x000000000000000000000000000000000000022f,loops,0,0.5258,0
0x0000000000000000000000000000000000000230,access-control,0,0.2237,0
0x0000000000000000000000000000000000000231,reentrancy,0,0.3064,0
0x0000000000000000000000000000000000000232,timestamp,0,0.3917,0
0x0000000000000000000000000000000000000233,reentrancy,0,0.2794,0
0x0000000000000000000000000000000000000234,bridge,0,0.6535,0
0x0000000000000000000000000000000000000235,loops,0,0.6826,0
0x0000000000000000000000000000000000000236,loops,0,0.5256,0
0x0000000000000000000000000000000000000237,reentrancy,0,0.3062,0
0x0000000000000000000000000000000000000238,timestamp,0,0.2108,0
0x0000000000000000000000000000000000000239,access-control,0,0.3267,0
0x000000000000000000000000000000000000023a,loops,0,0.4748,0
0x000000000000000000000000000000000000023b,access-control,0,0.3768,0
0x000000000000000000000000000000000000023c,timestamp,0,0.4822,0
0x000000000000000000000000000000000000023d,bridge,0,0.3421,0
0x000000000000000000000000000000000000023e,access-control,0,0.6369,0
0x000000000000000000000000000000000000023f,access-control,0,0.1696,0
0x0000000000000000000000000000000000000240,timestamp,0,0.7542,0
0x0000000000000000000000000000000000000241,reentrancy,0,0.1863,0
0x0000000000000000000000000000000000000242,loops,0,0.4039,0
0x0000000000000000000000000000000000000243,reentrancy,0,0.4881,0
0x0000000000000000000000000000000000000244,timestamp,0,0.7101,0
0x0000000000000000000000000000000000000245,timestamp,0,0.2187,0
0x0000000000000000000000000000000000000246,loops,0,0.5161,0
0x0000000000000000000000000000000000000247,bridge,0,0.87,0
0x0000000000000000000000000000000000000248,bridge,0,0.5993,0
0x0000000000000000000000000000000000000249,timestamp,0,0.2235,0
0x000000000000000000000000000000000000024a,loops,0,0.3009,0
0x000000000000000000000000000000000000024b,bridge,0,0.4101,0
0x000000000000000000000000000000000000024c,bridge,0,0.41,0
0x000000000000000000000000000000000000024d,reentrancy,0,0.2382,0
0x000000000000000000000000000000000000024e,bridge,0,0.4182,0
0x000000000000000000000000000000000000024f,bridge,0,0.7569,0
0x0000000000000000000000000000000000000250,loops,0,0.5786,0
0x0000000000000000000000000000000000000251,timestamp,0,0.4107,0
0x0000000000000000000000000000000000000252,bridge,0,0.296,0
0x0000000000000000000000000000000000000253,access-control,0,0.3196,0
0x0000000000000000000000000000000000000254,access-control,0,0.2265,0
0x0000000000000000000000000000000000000255,timestamp,0,0.6586,0
0x0000000000000000000000000000000000000256,loops,0,0.6321,0
0x0000000000000000000000000000000000000257,bridge,0,0.3713,0
0x0000000000000000000000000000000000000258,timestamp,0,0.4941,0
0x0000000000000000000000000000000000000259,access-control,0,0.8687,0
0x000000000000000000000000000000000000025a,timestamp,0,0.7338,0
0x000000000000000000000000000000000000025b,timestamp,0,0.2457,0
0x000000000000000000000000000000000000025c,timestamp,0,0.3077,0
0x000000000000000000000000000000000000025d,loops,0,0.8328,0
0x000000000000000000000000000000000000025e,access-control,0,0.5822,0
0x000000000000000000000000000000000000025f,loops,0,0.1367,0
0x0000000000000000000000000000000000000260,timestamp,0,0.6285,0
0x0000000000000000000000000000000000000261,reentrancy,0,0.1738,0
0x0000000000000000000000000000000000000262,loops,0,0.5041,0
0x0000000000000000000000000000000000000263,timestamp,0,0.6065,0
0x0000000000000000000000000000000000000264,loops,0,0.061,0
0x0000000000000000000000000000000000000265,access-control,0,0.8751,0
0x0000000000000000000000000000000000000266,bridge,0,0.4533,0
0x0000000000000000000000000000000000000267,reentrancy,0,0.7259,0
0x0000000000000000000000000000000000000268,access-control,0,0.5452,0
0x0000000000000000000000000000000000000269,access-control,0,0.0912,0
0x000000000000000000000000000000000000026a,bridge,0,0.3549,0
0x000000000000000000000000000000000000026b,loops,0,0.6487,0
0x000000000000000000000000000000000000026c,access-control,0,0.9319,0
0x000000000000000000000000000000000000026d,loops,0,0.3942,0
0x000000000000000000000000000000000000026e,access-control,0,0.7714,0
0x000000000000000000000000000000000000026f,loops,0,0.3658,0
0x0000000000000000000000000000000000000270,reentrancy,0,0.218,0
0x0000000000000000000000000000000000000271,loops,0,0.2478,0
0x0000000000000000000000000000000000000272,loops,0,0.379,0
0x0000000000000000000000000000000000000273,access-control,0,0.2754,0
0x0000000000000000000000000000000000000274,bridge,0,0.2105,0
0x0000000000000000000000000000000000000275,timestamp,0,0.8216,0
0x0000000000000000000000000000000000000276,bridge,0,0.6082,0
0x0000000000000000000000000000000000000277,timestamp,0,0.1638,0
0x0000000000000000000000000000000000000278,loops,0,0.1747,0
0x0000000000000000000000000000000000000279,access-control,0,0.7211,0
0x000000000000000000000000000000000000027a,bridge,0,0.3743,0
0x000000000000000000000000000000000000027b,reentrancy,0,0.4904,0
0x000000000000000000000000000000000000027c,bridge,0,0.4105,0
0x000000000000000000000000000000000000027d,bridge,0,0.5765,0
0x000000000000000000000000000000000000027e,loops,0,0.4597,0
0x000000000000000000000000000000000000027f,loops,0,0.3089,0
0x0000000000000000000000000000000000000280,access-control,0,0.6315,0
0x0000000000000000000000000000000000000281,loops,0,0.3274,0
0x0000000000000000000000000000000000000282,loops,0,0.4675,0
0x0000000000000000000000000000000000000283,loops,0,0.3138,0
0x0000000000000000000000000000000000000284,loops,0,0.5066,0
0x0000000000000000000000000000000000000285,loops,0,0.2673,0
0x0000000000000000000000000000000000000286,reentrancy,0,0.4181,0
0x0000000000000000000000000000000000000287,loops,0,0.4247,0
0x0000000000000000000000000000000000000288,bridge,0,0.7376,0
0x0000000000000000000000000000000000000289,timestamp,0,0.3168,0
0x000000000000000000000000000000000000028a,reentrancy,0,0.5112,0
0x000000000000000000000000000000000000028b,access-control,0,0.4411,0
0x000000000000000000000000000000000000028c,bridge,0,0.1409,0
0x000000000000000000000000000000000000028d,reentrancy,0,0.6708,0
0x000000000000000000000000000000000000028e,bridge,0,0.777,0
0x000000000000000000000000000000000000028f,access-control,0,0.6495,0
0x0000000000000000000000000000000000000290,bridge,0,0.5516,0
0x0000000000000000000000000000000000000291,bridge,0,0.3266,0
0x0000000000000000000000000000000000000292,access-control,0,0.4498,0
0x0000000000000000000000000000000000000293,bridge,0,0.4676,0
0x0000000000000000000000000000000000000294,bridge,0,0.5146,0
0x0000000000000000000000000000000000000295,timestamp,0,0.347,0
0x0000000000000000000000000000000000000296,access-control,0,0.3953,0
0x0000000000000000000000000000000000000297,timestamp,0,0.3085,0
0x0000000000000000000000000000000000000298,access-control,0,0.1658,0
0x0000000000000000000000000000000000000299,timestamp,0,0.448,0
0x000000000000000000000000000000000000029a,access-control,0,0.4226,0
0x000000000000000000000000000000000000029b,timestamp,0,0.2956,0
0x000000000000000000000000000000000000029c,reentrancy,0,0.7825,0
0x000000000000000000000000000000000000029d,reentrancy,0,0.5583,0
0x000000000000000000000000000000000000029e,reentrancy,0,0.4092,0
0x000000000000000000000000000000000000029f,reentrancy,0,0.585,0
0x00000000000000000000000000000000000002a0,timestamp,1,0.956,1
0x00000000000000000000000000000000000002a1,timestamp,0,0.5322,0
0x00000000000000000000000000000000000002a2,loops,1,0.9727,1
0x00000000000000000000000000000000000002a3,timestamp,0,0.7181,0
0x00000000000000000000000000000000000002a4,reentrancy,0,0.6028,0
0x00000000000000000000000000000000000002a5,loops,0,0.15,0
0x00000000000000000000000000000000000002a6,loops,0,0.5447,0
0x00000000000000000000000000000000000002a7,access-control,0,0.4977,0
0x00000000000000000000000000000000000002a8,reentrancy,0,0.5418,0
0x00000000000000000000000000000000000002a9,access-control,0,0.2148,0
0x00000000000000000000000000000000000002aa,loops,0,0.7494,0
0x00000000000000000000000000000000000002ab,reentrancy,0,0.4576,0
0x00000000000000000000000000000000000002ac,timestamp,0,0.3644,0
0x00000000000000000000000000000000000002ad,reentrancy,0,0.5829,0
0x00000000000000000000000000000000000002ae,bridge,0,0.7323,0
0x00000000000000000000000000000000000002af,access-control,0,0.5731,0
0x00000000000000000000000000000000000002b0,loops,0,0.339,0
0x00000000000000000000000000000000000002b1,access-control,1,0.8812,1
0x00000000000000000000000000000000000002b2,access-control,0,0.4494,0
0x00000000000000000000000000000000000002b3,access-control,0,0.3726,0
0x00000000000000000000000000000000000002b4,reentrancy,0,0.5793,0
0x00000000000000000000000000000000000002b5,loops,1,0.9824,1
0x00000000000000000000000000000000000002b6,timestamp,0,0.6771,0
0x00000000000000000000000000000000000002b7,bridge,0,0.5995,0
0x00000000000000000000000000000000000002b8,loops,0,0.7061,0
0x00000000000000000000000000000000000002b9,bridge,0,0.1857,0
0x00000000000000000000000000000000000002ba,timestamp,0,0.6266,0
0x00000000000000000000000000000000000002bb,timestamp,0,0.6022,0
0x00000000000000000000000000000000000002bc,loops,0,0.3602,0
0x00000000000000000000000000000000000002bd,loops,0,0.5688,0
0x00000000000000000000000000000000000002be,timestamp,0,0.3151,0
0x00000000000000000000000000000000000002bf,timestamp,0,0.5446,0
0x00000000000000000000000000000000000002c0,timestamp,0,0.8097,0
0x00000000000000000000000000000000000002c1,loops,0,0.6969,0
0x00000000000000000000000000000000000002c2,bridge,0,0.3186,0
0x00000000000000000000000000000000000002c3,reentrancy,0,0.386,0
0x00000000000000000000000000000000000002c4,timestamp,0,0.4984,0
0x00000000000000000000000000000000000002c5,access-control,0,0.2708,0
0x00000000000000000000000000000000000002c6,reentrancy,0,0.8116,0
0x00000000000000000000000000000000000002c7,bridge,0,0.2934,0
0x00000000000000000000000000000000000002c8,bridge,0,0.5218,0
0x00000000000000000000000000000000000002c9,bridge,0,0.6232,0
0x00000000000000000000000000000000000002ca,timestamp,0,0.4362,0
0x00000000000000000000000000000000000002cb,reentrancy,0,0.604,0
0x00000000000000000000000000000000000002cc,loops,0,0.2093,0
0x00000000000000000000000000000000000002cd,timestamp,0,0.4611,0
0x00000000000000000000000000000000000002ce,loops,0,0.2083,0
0x00000000000000000000000000000000000002cf,timestamp,0,0.26,0
0x00000000000000000000000000000000000002d0,loops,0,0.601,0
0x00000000000000000000000000000000000002d1,reentrancy,0,0.1195,0
0x00000000000000000000000000000000000002d2,reentrancy,0,0.6207,0
0x00000000000000000000000000000000000002d3,reentrancy,0,0.4393,0
0x00000000000000000000000000000000000002d4,timestamp,0,0.7631,0
0x00000000000000000000000000000000000002d5,reentrancy,0,0.7119,0
0x00000000000000000000000000000000000002d6,access-control,0,0.4443,0
0x00000000000000000000000000000000000002d7,bridge,0,0.3929,0
0x00000000000000000000000000000000000002d8,reentrancy,0,0.6372,0
0x00000000000000000000000000000000000002d9,timestamp,0,0.3791,0
0x00000000000000000000000000000000000002da,loops,0,0.6467,0
0x00000000000000000000000000000000000002db,access-control,0,0.706,0
0x00000000000000000000000000000000000002dc,timestamp,0,0.4391,0
0x00000000000000000000000000000000000002dd,reentrancy,0,0.3223,0
0x00000000000000000000000000000000000002de,reentrancy,0,0.2116,0
0x00000000000000000000000000000000000002df,timestamp,0,0.2656,0
0x00000000000000000000000000000000000002e0,reentrancy,0,0.1708,0
0x00000000000000000000000000000000000002e1,loops,0,0.7903,0
0x00000000000000000000000000000000000002e2,reentrancy,0,0.6027,0
0x00000000000000000000000000000000000002e3,timestamp,0,0.3865,0
0x00000000000000000000000000000000000002e4,bridge,0,0.6933,0
0x00000000000000000000000000000000000002e5,loops,0,0.7321,0
0x00000000000000000000000000000000000002e6,timestamp,0,0.262,0
0x00000000000000000000000000000000000002e7,loops,0,0.7993,0
0x00000000000000000000000000000000000002e8,reentrancy,0,0.7675,0
0x00000000000000000000000000000000000002e9,loops,0,0.4089,0
0x00000000000000000000000000000000000002ea,reentrancy,0,0.5215,0
0x00000000000000000000000000000000000002eb,access-control,1,0.9269,1
0x00000000000000000000000000000000000002ec,timestamp,0,0.2296,0
0x00000000000000000000000000000000000002ed,loops,0,0.1224,0
0x00000000000000000000000000000000000002ee,timestamp,0,0.1855,0
0x00000000000000000000000000000000000002ef,reentrancy,0,0.1927,0
0x00000000000000000000000000000000000002f0,reentrancy,0,0.3948,0
0x00000000000000000000000000000000000002f1,loops,0,0.3768,0
0x00000000000000000000000000000000000002f2,timestamp,0,0.4272,0
0x00000000000000000000000000000000000002f3,loops,0,0.3004,0
0x00000000000000000000000000000000000002f4,bridge,0,0.3006,0
0x00000000000000000000000000000000000002f5,bridge,0,0.5581,0
0x00000000000000000000000000000000000002f6,access-control,0,0.3328,0
0x00000000000000000000000000000000000002f7,access-control,0,0.4058,0
0x00000000000000000000000000000000000002f8,timestamp,0,0.2876,0
0x00000000000000000000000000000000000002f9,timestamp,0,0.4712,0
0x00000000000000000000000000000000000002fa,bridge,0,0.7187,0
0x00000000000000000000000000000000000002fb,bridge,0,0.7012,0
0x00000000000000000000000000000000000002fc,timestamp,0,0.3967,0
0x00000000000000000000000000000000000002fd,loops,0,0.332,0
0x00000000000000000000000000000000000002fe,timestamp,0,0.8753,0
0x00000000000000000000000000000000000002ff,reentrancy,0,0.1481,0
0x0000000000000000000000000000000000000300,access-control,0,0.4835,0
0x0000000000000000000000000000000000000301,access-control,0,0.3635,0
0x0000000000000000000000000000000000000302,bridge,0,0.521,0
0x0000000000000000000000000000000000000303,access-control,0,0.1312,0
0x0000000000000000000000000000000000000304,reentrancy,0,0.825,0
0x0000000000000000000000000000000000000305,reentrancy,0,0.5683,0
0x0000000000000000000000000000000000000306,access-control,0,0.7838,0
0x0000000000000000000000000000000000000307,timestamp,0,0.7769,0
0x0000000000000000000000000000000000000308,reentrancy,0,0.8405,0
0x0000000000000000000000000000000000000309,timestamp,0,0.3981,0
0x000000000000000000000000000000000000030a,timestamp,0,0.49,0
0x000000000000000000000000000000000000030b,timestamp,0,0.6968,0
0x000000000000000000000000000000000000030c,bridge,0,0.3423,0
0x000000000000000000000000000000000000030d,loops,0,0.3623,0
0x000000000000000000000000000000000000030e,access-control,0,0.6145,0
0x000000000000000000000000000000000000030f,bridge,0,0.6287,0
0x0000000000000000000000000000000000000310,access-control,0,0.7019,0
0x0000000000000000000000000000000000000311,timestamp,0,0.2862,0
0x0000000000000000000000000000000000000312,access-control,0,0.4941,0
0x0000000000000000000000000000000000000313,access-control,0,0.5943,0
0x0000000000000000000000000000000000000314,loops,0,0.3101,0
0x0000000000000000000000000000000000000315,timestamp,0,0.4249,0
0x0000000000000000000000000000000000000316,timestamp,0,0.7139,0
0x0000000000000000000000000000000000000317,loops,0,0.3962,0
0x0000000000000000000000000000000000000318,access-control,0,0.4197,0
0x0000000000000000000000000000000000000319,bridge,0,0.5784,0
0x000000000000000000000000000000000000031a,timestamp,1,0.8937,1
0x000000000000000000000000000000000000031b,reentrancy,0,0.5617,0
0x000000000000000000000000000000000000031c,access-control,0,0.7265,0
0x000000000000000000000000000000000000031d,loops,0,0.3912,0
0x000000000000000000000000000000000000031e,access-control,0,0.6888,0
0x000000000000000000000000000000000000031f,bridge,0,0.0794,0
0x0000000000000000000000000000000000000320,bridge,0,0.3862,0
0x0000000000000000000000000000000000000321,reentrancy,0,0.5951,0
0x0000000000000000000000000000000000000322,reentrancy,0,0.7249,0
0x0000000000000000000000000000000000000323,reentrancy,0,0.965,0
0x0000000000000000000000000000000000000324,bridge,0,0.3124,0
0x0000000000000000000000000000000000000325,access-control,0,0.6958,0
0x0000000000000000000000000000000000000326,loops,0,0.6778,0
0x0000000000000000000000000000000000000327,bridge,0,0.0994,0
0x0000000000000000000000000000000000000328,timestamp,0,0.6812,0
0x0000000000000000000000000000000000000329,bridge,0,0.4651,0
0x000000000000000000000000000000000000032a,bridge,0,0.6051,0
0x000000000000000000000000000000000000032b,loops,0,0.337,0
0x000000000000000000000000000000000000032c,bridge,0,0.47,0
0x000000000000000000000000000000000000032d,loops,0,0.2878,0
0x000000000000000000000000000000000000032e,reentrancy,0,0.591,0
0x000000000000000000000000000000000000032f,access-control,0,0.7,0
0x0000000000000000000000000000000000000330,loops,0,0.2603,0
0x0000000000000000000000000000000000000331,access-control,0,0.4144,0
0x0000000000000000000000000000000000000332,reentrancy,0,0.6344,0
0x0000000000000000000000000000000000000333,loops,0,0.6978,0
0x0000000000000000000000000000000000000334,bridge,0,0.4544,0
0x0000000000000000000000000000000000000335,timestamp,0,0.4615,0
0x0000000000000000000000000000000000000336,bridge,0,0.8214,0
0x0000000000000000000000000000000000000337,timestamp,0,0.6737,0
0x0000000000000000000000000000000000000338,reentrancy,0,0.2989,0
0x0000000000000000000000000000000000000339,access-control,0,0.9091,0
0x000000000000000000000000000000000000033a,reentrancy,0,0.4474,0
0x000000000000000000000000000000000000033b,timestamp,0,0.3689,0
0x000000000000000000000000000000000000033c,reentrancy,0,0.4828,0
0x000000000000000000000000000000000000033d,timestamp,0,0.6017,0
0x000000000000000000000000000000000000033e,timestamp,0,0.2194,0
0x000000000000000000000000000000000000033f,bridge,0,0.4719,0
0x0000000000000000000000000000000000000340,loops,0,0.4616,0
0x0000000000000000000000000000000000000341,loops,0,0.8951,0
0x0000000000000000000000000000000000000342,timestamp,1,0.7679,1
0x0000000000000000000000000000000000000343,reentrancy,0,0.6716,0
0x0000000000000000000000000000000000000344,access-control,0,0.157,0
0x0000000000000000000000000000000000000345,timestamp,0,0.0897,0
0x0000000000000000000000000000000000000346,bridge,0,0.571,0
0x0000000000000000000000000000000000000347,timestamp,0,0.3555,0
0x0000000000000000000000000000000000000348,timestamp,0,0.4156,0
0x0000000000000000000000000000000000000349,loops,0,0.8382,0
0x000000000000000000000000000000000000034a,bridge,0,0.5388,0
0x000000000000000000000000000000000000034b,bridge,0,0.2288,0
0x000000000000000000000000000000000000034c,reentrancy,0,0.5158,0
0x000000000000000000000000000000000000034d,bridge,0,0.9368,0
0x000000000000000000000000000000000000034e,access-control,0,0.8119,0
0x000000000000000000000000000000000000034f,bridge,0,0.415,0
0x0000000000000000000000000000000000000350,reentrancy,0,0.482,0
0x0000000000000000000000000000000000000351,loops,0,0.4737,0
0x0000000000000000000000000000000000000352,bridge,0,0.5504,0
0x0000000000000000000000000000000000000353,timestamp,0,0.3671,0
0x0000000000000000000000000000000000000354,timestamp,0,0.4287,0
0x0000000000000000000000000000000000000355,timestamp,0,0.2431,0
0x0000000000000000000000000000000000000356,bridge,0,0.5811,0
0x0000000000000000000000000000000000000357,access-control,0,0.3027,0
0x0000000000000000000000000000000000000358,timestamp,0,0.4231,0
0x0000000000000000000000000000000000000359,loops,0,0.3054,0
0x000000000000000000000000000000000000035a,reentrancy,0,0.3565,0
0x000000000000000000000000000000000000035b,timestamp,0,0.2362,0
0x000000000000000000000000000000000000035c,bridge,0,0.2808,0
0x000000000000000000000000000000000000035d,bridge,0,0.789,0
0x000000000000000000000000000000000000035e,timestamp,0,0.1436,0
0x000000000000000000000000000000000000035f,access-control,0,0.482,0
0x0000000000000000000000000000000000000360,bridge,0,0.6698,0
0x0000000000000000000000000000000000000361,bridge,0,0.4167,0
0x0000000000000000000000000000000000000362,reentrancy,0,0.1716,0
0x0000000000000000000000000000000000000363,access-control,0,0.4381,0
0x0000000000000000000000000000000000000364,access-control,0,0.2373,0
0x0000000000000000000000000000000000000365,bridge,0,0.7929,0
0x0000000000000000000000000000000000000366,loops,0,0.1578,0
0x0000000000000000000000000000000000000367,access-control,0,0.166,0
0x0000000000000000000000000000000000000368,access-control,0,0.678,0
0x0000000000000000000000000000000000000369,loops,0,0.6289,0
0x000000000000000000000000000000000000036a,loops,0,0.8411,0
0x000000000000000000000000000000000000036b,access-control,0,0.3106,0
0x000000000000000000000000000000000000036c,loops,0,0.3367,0
0x000000000000000000000000000000000000036d,reentrancy,0,0.6277,0
0x000000000000000000000000000000000000036e,loops,0,0.2031,0
0x000000000000000000000000000000000000036f,access-control,0,0.5942,0
0x0000000000000000000000000000000000000370,timestamp,0,0.5567,0
0x0000000000000000000000000000000000000371,bridge,0,0.5373,0
0x0000000000000000000000000000000000000372,bridge,0,0.5415,0
0x0000000000000000000000000000000000000373,reentrancy,0,0.5217,0
0x0000000000000000000000000000000000000374,loops,0,0.8037,0
0x0000000000000000000000000000000000000375,access-control,0,0.6836,0
0x0000000000000000000000000000000000000376,reentrancy,0,0.5886,0
0x0000000000000000000000000000000000000377,loops,0,0.586,0
0x0000000000000000000000000000000000000378,reentrancy,0,0.7797,0
0x0000000000000000000000000000000000000379,reentrancy,0,0.2215,0
0x000000000000000000000000000000000000037a,loops,0,0.5811,0
0x000000000000000000000000000000000000037b,bridge,0,0.3923,0
0x000000000000000000000000000000000000037c,access-control,0,0.4461,0
0x000000000000000000000000000000000000037d,bridge,0,0.1961,0
0x000000000000000000000000000000000000037e,timestamp,0,0.2477,0
0x000000000000000000000000000000000000037f,loops,0,0.3786,0
0x0000000000000000000000000000000000000380,loops,0,0.7527,0
0x0000000000000000000000000000000000000381,bridge,0,0.1064,0
0x0000000000000000000000000000000000000382,loops,0,0.7754,0
0x0000000000000000000000000000000000000383,timestamp,0,0.8929,0
0x0000000000000000000000000000000000000384,loops,0,0.6647,0
0x0000000000000000000000000000000000000385,access-control,0,0.295,0
0x0000000000000000000000000000000000000386,timestamp,0,0.6888,0
0x0000000000000000000000000000000000000387,reentrancy,0,0.7685,0
0x0000000000000000000000000000000000000388,loops,0,0.6609,0
0x0000000000000000000000000000000000000389,reentrancy,0,0.4141,0
0x000000000000000000000000000000000000038a,loops,0,0.5541,0
0x000000000000000000000000000000000000038b,timestamp,0,0.6631,0
0x000000000000000000000000000000000000038c,bridge,0,0.5785,0
0x000000000000000000000000000000000000038d,bridge,0,0.1001,0
0x000000000000000000000000000000000000038e,bridge,0,0.5711,0
0x000000000000000000000000000000000000038f,access-control,0,0.3582,0
0x0000000000000000000000000000000000000390,bridge,0,0.4112,0
0x0000000000000000000000000000000000000391,timestamp,0,0.4815,0
0x0000000000000000000000000000000000000392,access-control,0,0.8807,0
0x0000000000000000000000000000000000000393,bridge,0,0.7859,0
0x0000000000000000000000000000000000000394,reentrancy,0,0.1517,0
0x0000000000000000000000000000000000000395,access-control,0,0.8238,0
0x0000000000000000000000000000000000000396,loops,0,0.1324,0
0x0000000000000000000000000000000000000397,loops,0,0.5117,0
0x0000000000000000000000000000000000000398,access-control,0,0.4978,0
0x0000000000000000000000000000000000000399,access-control,0,0.3331,0
0x000000000000000000000000000000000000039a,access-control,0,0.4882,0
0x000000000000000000000000000000000000039b,bridge,0,0.1038,0
0x000000000000000000000000000000000000039c,timestamp,0,0.559,0
0x000000000000000000000000000000000000039d,loops,0,0.6122,0
0x000000000000000000000000000000000000039e,loops,0,0.6345,0
0x000000000000000000000000000000000000039f,access-control,0,0.1862,0
0x00000000000000000000000000000000000003a0,access-control,0,0.3421,0
0x00000000000000000000000000000000000003a1,reentrancy,0,0.4475,0
0x00000000000000000000000000000000000003a2,bridge,0,0.3469,0
0x00000000000000000000000000000000000003a3,bridge,0,0.506,0
0x00000000000000000000000000000000000003a4,timestamp,0,0.4207,0
0x00000000000000000000000000000000000003a5,access-control,0,0.454,0
0x00000000000000000000000000000000000003a6,timestamp,0,0.1383,0
0x00000000000000000000000000000000000003a7,reentrancy,0,0.0885,0
0x00000000000000000000000000000000000003a8,reentrancy,1,0.9015,1
0x00000000000000000000000000000000000003a9,loops,0,0.6997,0
0x00000000000000000000000000000000000003aa,timestamp,0,0.1759,0
0x00000000000000000000000000000000000003ab,bridge,0,0.6225,0
0x00000000000000000000000000000000000003ac,access-control,0,0.3781,0
0x00000000000000000000000000000000000003ad,access-control,0,0.7788,0
0x00000000000000000000000000000000000003ae,reentrancy,0,0.2537,0
0x00000000000000000000000000000000000003af,timestamp,0,0.4196,0
0x00000000000000000000000000000000000003b0,timestamp,0,0.4489,0
0x00000000000000000000000000000000000003b1,reentrancy,0,0.2583,0
0x00000000000000000000000000000000000003b2,loops,0,0.3716,0
0x00000000000000000000000000000000000003b3,access-control,0,0.331,0
0x00000000000000000000000000000000000003b4,timestamp,0,0.4675,0
0x00000000000000000000000000000000000003b5,reentrancy,0,0.2425,0
0x00000000000000000000000000000000000003b6,access-control,1,0.971,1
0x00000000000000000000000000000000000003b7,reentrancy,0,0.4938,0
0x00000000000000000000000000000000000003b8,loops,0,0.7255,0
0x00000000000000000000000000000000000003b9,access-control,0,0.6109,0
0x00000000000000000000000000000000000003ba,reentrancy,1,0.8627,1
0x00000000000000000000000000000000000003bb,timestamp,0,0.8748,0
0x00000000000000000000000000000000000003bc,bridge,0,0.5067,0
0x00000000000000000000000000000000000003bd,reentrancy,0,0.6763,0
0x00000000000000000000000000000000000003be,reentrancy,0,0.7694,0
0x00000000000000000000000000000000000003bf,reentrancy,0,0.7013,0
0x00000000000000000000000000000000000003c0,timestamp,0,0.3249,0
0x00000000000000000000000000000000000003c1,timestamp,0,0.3288,0
0x00000000000000000000000000000000000003c2,access-control,0,0.5162,0
0x00000000000000000000000000000000000003c3,loops,0,0.8785,0
0x00000000000000000000000000000000000003c4,access-control,0,0.4138,0
0x00000000000000000000000000000000000003c5,loops,0,0.5158,0
0x00000000000000000000000000000000000003c6,loops,0,0.8379,0
0x00000000000000000000000000000000000003c7,reentrancy,0,0.6537,0
0x00000000000000000000000000000000000003c8,timestamp,0,0.6018,0
0x00000000000000000000000000000000000003c9,timestamp,0,0.2258,0
0x00000000000000000000000000000000000003ca,access-control,0,0.4776,0
0x00000000000000000000000000000000000003cb,timestamp,0,0.5215,0
0x00000000000000000000000000000000000003cc,bridge,0,0.5096,0
0x00000000000000000000000000000000000003cd,loops,0,0.1241,0
0x00000000000000000000000000000000000003ce,reentrancy,0,0.4941,0
0x00000000000000000000000000000000000003cf,loops,0,0.6811,0
0x00000000000000000000000000000000000003d0,bridge,0,0.4568,0
0x00000000000000000000000000000000000003d1,bridge,0,0.3081,0
0x00000000000000000000000000000000000003d2,bridge,0,0.3928,0
0x00000000000000000000000000000000000003d3,loops,0,0.2717,0
0x00000000000000000000000000000000000003d4,loops,0,0.1158,0
0x00000000000000000000000000000000000003d5,loops,0,0.627,0
0x00000000000000000000000000000000000003d6,loops,0,0.8017,0
0x00000000000000000000000000000000000003d7,loops,0,0.6771,0
0x00000000000000000000000000000000000003d8,access-control,0,0.2941,0
0x00000000000000000000000000000000000003d9,access-control,0,0.3257,0
0x00000000000000000000000000000000000003da,timestamp,0,0.5687,0
0x00000000000000000000000000000000000003db,reentrancy,0,0.3824,0
0x00000000000000000000000000000000000003dc,bridge,0,0.5977,0
0x00000000000000000000000000000000000003dd,access-control,0,0.2399,0
0x00000000000000000000000000000000000003de,access-control,0,0.5077,0
0x00000000000000000000000000000000000003df,timestamp,0,0.8555,0
0x00000000000000000000000000000000000003e0,timestamp,0,0.6801,0
0x00000000000000000000000000000000000003e1,bridge,0,0.1006,0
0x00000000000000000000000000000000000003e2,timestamp,0,0.8847,0
0x00000000000000000000000000000000000003e3,access-control,0,0.5979,0
0x00000000000000000000000000000000000003e4,loops,0,0.381,0
0x00000000000000000000000000000000000003e5,reentrancy,0,0.4818,0
0x00000000000000000000000000000000000003e6,timestamp,0,0.3879,0
0x00000000000000000000000000000000000003e7,loops,0,0.283,0
0x00000000000000000000000000000000000003e8,reentrancy,0,0.4717,0
0x00000000000000000000000000000000000003e9,reentrancy,0,0.1862,0
0x00000000000000000000000000000000000003ea,timestamp,0,0.1054,0
0x00000000000000000000000000000000000003eb,loops,0,0.2464,0
0x00000000000000000000000000000000000003ec,access-control,0,0.618,0
0x00000000000000000000000000000000000003ed,reentrancy,0,0.6905,0
0x00000000000000000000000000000000000003ee,timestamp,0,0.6658,0
0x00000000000000000000000000000000000003ef,timestamp,0,0.1804,0
0x00000000000000000000000000000000000003f0,loops,0,0.6453,0
0x00000000000000000000000000000000000003f1,loops,0,0.1228,0
0x00000000000000000000000000000000000003f2,loops,0,0.1982,0
0x00000000000000000000000000000000000003f3,access-control,0,0.3542,0
0x00000000000000000000000000000000000003f4,access-control,0,0.2373,0
0x00000000000000000000000000000000000003f5,reentrancy,0,0.53,0
0x00000000000000000000000000000000000003f6,bridge,0,0.4102,0
0x00000000000000000000000000000000000003f7,reentrancy,0,0.4388,0
0x00000000000000000000000000000000000003f8,loops,0,0.3663,0
0x00000000000000000000000000000000000003f9,bridge,0,0.9397,0
0x00000000000000000000000000000000000003fa,reentrancy,0,0.6729,0
0x00000000000000000000000000000000000003fb,access-control,0,0.5599,0
0x00000000000000000000000000000000000003fc,access-control,1,0.8662,1
0x00000000000000000000000000000000000003fd,timestamp,0,0.5978,0
0x00000000000000000000000000000000000003fe,bridge,0,0.6642,0
0x00000000000000000000000000000000000003ff,bridge,0,0.889,0
0x0000000000000000000000000000000000000400,reentrancy,0,0.4778,0
0x0000000000000000000000000000000000000401,loops,0,0.6488,0
0x0000000000000000000000000000000000000402,bridge,0,0.5022,0
0x0000000000000000000000000000000000000403,loops,0,0.2513,0
0x0000000000000000000000000000000000000404,access-control,0,0.5482,0
0x0000000000000000000000000000000000000405,bridge,0,0.2687,0
0x0000000000000000000000000000000000000406,loops,0,0.1732,0
0x0000000000000000000000000000000000000407,bridge,0,0.6226,0
0x0000000000000000000000000000000000000408,timestamp,0,0.0839,0
0x0000000000000000000000000000000000000409,access-control,0,0.5702,0
0x000000000000000000000000000000000000040a,reentrancy,0,0.4096,0
0x000000000000000000000000000000000000040b,reentrancy,0,0.4926,0
0x000000000000000000000000000000000000040c,timestamp,0,0.7546,0
0x000000000000000000000000000000000000040d,bridge,0,0.404,0
0x000000000000000000000000000000000000040e,timestamp,0,0.4367,0
0x000000000000000000000000000000000000040f,timestamp,0,0.545,0
0x0000000000000000000000000000000000000410,reentrancy,0,0.5119,0
0x0000000000000000000000000000000000000411,timestamp,0,0.3009,0
0x0000000000000000000000000000000000000412,bridge,0,0.493,0
0x0000000000000000000000000000000000000413,bridge,0,0.3699,0
0x0000000000000000000000000000000000000414,access-control,0,0.2389,0
0x0000000000000000000000000000000000000415,reentrancy,0,0.213,0
0x0000000000000000000000000000000000000416,access-control,0,0.7761,0
0x0000000000000000000000000000000000000417,bridge,0,0.4435,0
0x0000000000000000000000000000000000000418,timestamp,0,0.3952,0
0x0000000000000000000000000000000000000419,reentrancy,0,0.5058,0
0x000000000000000000000000000000000000041a,bridge,0,0.246,0
0x000000000000000000000000000000000000041b,access-control,0,0.8344,0
0x000000000000000000000000000000000000041c,loops,0,0.7625,0
0x000000000000000000000000000000000000041d,loops,0,0.7268,0
0x000000000000000000000000000000000000041e,bridge,0,0.3061,0
0x000000000000000000000000000000000000041f,reentrancy,0,0.7132,0
0x0000000000000000000000000000000000000420,loops,0,0.716,0
0x0000000000000000000000000000000000000421,bridge,0,0.7924,0
0x0000000000000000000000000000000000000422,reentrancy,0,0.6148,0
0x0000000000000000000000000000000000000423,loops,0,0.2192,0
0x0000000000000000000000000000000000000424,access-control,0,0.4431,0
0x0000000000000000000000000000000000000425,reentrancy,0,0.4062,0
0x0000000000000000000000000000000000000426,reentrancy,0,0.6523,0
0x0000000000000000000000000000000000000427,loops,1,0.8036,1
0x0000000000000000000000000000000000000428,loops,0,0.162,0
0x0000000000000000000000000000000000000429,reentrancy,0,0.4889,0
0x000000000000000000000000000000000000042a,reentrancy,0,0.3501,0
0x000000000000000000000000000000000000042b,timestamp,0,0.4221,0
0x000000000000000000000000000000000000042c,access-control,0,0.7509,0
0x000000000000000000000000000000000000042d,timestamp,0,0.238,0
0x000000000000000000000000000000000000042e,timestamp,0,0.1579,0
0x000000000000000000000000000000000000042f,reentrancy,0,0.7429,0
0x0000000000000000000000000000000000000430,timestamp,0,0.1757,0
0x0000000000000000000000000000000000000431,loops,0,0.9233,0
0x0000000000000000000000000000000000000432,loops,0,0.804,0
0x0000000000000000000000000000000000000433,reentrancy,0,0.4956,0
0x0000000000000000000000000000000000000434,reentrancy,0,0.222,0
0x0000000000000000000000000000000000000435,reentrancy,0,0.6948,0
0x0000000000000000000000000000000000000436,timestamp,0,0.4929,0
0x0000000000000000000000000000000000000437,loops,0,0.3928,0
0x0000000000000000000000000000000000000438,access-control,0,0.3457,0
0x0000000000000000000000000000000000000439,loops,0,0.8302,0
0x000000000000000000000000000000000000043a,loops,0,0.358,0
0x000000000000000000000000000000000000043b,reentrancy,0,0.5601,0
0x000000000000000000000000000000000000043c,reentrancy,0,0.7933,0
0x000000000000000000000000000000000000043d,reentrancy,0,0.6069,0
0x000000000000000000000000000000000000043e,bridge,0,0.2822,0
0x000000000000000000000000000000000000043f,reentrancy,0,0.2363,0
0x0000000000000000000000000000000000000440,loops,0,0.6087,0
0x0000000000000000000000000000000000000441,timestamp,0,0.5886,0
0x0000000000000000000000000000000000000442,bridge,0,0.5339,0
0x0000000000000000000000000000000000000443,reentrancy,0,0.2669,0
0x0000000000000000000000000000000000000444,bridge,0,0.5899,0
0x0000000000000000000000000000000000000445,access-control,0,0.4625,0
0x0000000000000000000000000000000000000446,reentrancy,0,0.8056,0
0x0000000000000000000000000000000000000447,access-control,0,0.2986,0
0x0000000000000000000000000000000000000448,bridge,0,0.3522,0
0x0000000000000000000000000000000000000449,timestamp,0,0.372,0
0x000000000000000000000000000000000000044a,loops,0,0.4932,0
0x000000000000000000000000000000000000044b,loops,0,0.6558,0
0x000000000000000000000000000000000000044c,bridge,0,0.4779,0
0x000000000000000000000000000000000000044d,access-control,1,0.892,1
0x000000000000000000000000000000000000044e,timestamp,0,0.8787,0
0x000000000000000000000000000000000000044f,access-control,0,0.4022,0
0x0000000000000000000000000000000000000450,bridge,0,0.2433,0
0x0000000000000000000000000000000000000451,reentrancy,0,0.5156,0
0x0000000000000000000000000000000000000452,reentrancy,0,0.636,0
0x0000000000000000000000000000000000000453,loops,0,0.4846,0
0x0000000000000000000000000000000000000454,timestamp,0,0.3089,0
0x0000000000000000000000000000000000000455,reentrancy,0,0.3672,0
0x0000000000000000000000000000000000000456,access-control,0,0.8048,0
0x0000000000000000000000000000000000000457,timestamp,0,0.6494,0
0x0000000000000000000000000000000000000458,bridge,0,0.1772,0
0x0000000000000000000000000000000000000459,reentrancy,0,0.4689,0
0x000000000000000000000000000000000000045a,reentrancy,0,0.3759,0
0x000000000000000000000000000000000000045b,loops,0,0.5166,0
0x000000000000000000000000000000000000045c,timestamp,0,0.6428,0
0x000000000000000000000000000000000000045d,bridge,0,0.3176,0
0x000000000000000000000000000000000000045e,bridge,0,0.1735,0
0x000000000000000000000000000000000000045f,loops,0,0.5688,0
0x0000000000000000000000000000000000000460,bridge,0,0.3509,0
0x0000000000000000000000000000000000000461,loops,0,0.3657,0
0x0000000000000000000000000000000000000462,timestamp,0,0.3831,0
0x0000000000000000000000000000000000000463,bridge,0,0.7107,0
0x0000000000000000000000000000000000000464,loops,1,0.888,1
0x0000000000000000000000000000000000000465,loops,0,0.5807,0
0x0000000000000000000000000000000000000466,access-control,0,0.5741,0
0x0000000000000000000000000000000000000467,loops,0,0.2632,0
0x0000000000000000000000000000000000000468,loops,0,0.5817,0
0x0000000000000000000000000000000000000469,access-control,0,0.69,0
0x000000000000000000000000000000000000046a,access-control,0,0.3656,0
0x000000000000000000000000000000000000046b,bridge,0,0.345,0
0x000000000000000000000000000000000000046c,loops,0,0.5122,0
0x000000000000000000000000000000000000046d,bridge,1,0.9721,1
0x000000000000000000000000000000000000046e,timestamp,0,0.4569,0
0x000000000000000000000000000000000000046f,access-control,0,0.7469,0
0x0000000000000000000000000000000000000470,reentrancy,0,0.4509,0
0x0000000000000000000000000000000000000471,loops,0,0.6547,0
0x0000000000000000000000000000000000000472,timestamp,0,0.5374,0
0x0000000000000000000000000000000000000473,bridge,0,0.6164,0
0x0000000000000000000000000000000000000474,loops,0,0.3049,0
0x0000000000000000000000000000000000000475,access-control,0,0.2617,0
0x0000000000000000000000000000000000000476,reentrancy,0,0.4541,0
0x0000000000000000000000000000000000000477,access-control,0,0.5516,0
0x0000000000000000000000000000000000000478,bridge,0,0.6267,0
0x0000000000000000000000000000000000000479,access-control,0,0.6808,0
0x000000000000000000000000000000000000047a,bridge,0,0.1224,0
0x000000000000000000000000000000000000047b,bridge,0,0.618,0
0x000000000000000000000000000000000000047c,reentrancy,0,0.6687,0
0x000000000000000000000000000000000000047d,bridge,0,0.4328,0
0x000000000000000000000000000000000000047e,bridge,0,0.6259,0
0x000000000000000000000000000000000000047f,loops,0,0.424,0
0x0000000000000000000000000000000000000480,bridge,0,0.6376,0
0x0000000000000000000000000000000000000481,bridge,0,0.5903,0
0x0000000000000000000000000000000000000482,loops,0,0.5555,0
0x0000000000000000000000000000000000000483,bridge,0,0.5147,0
0x0000000000000000000000000000000000000484,timestamp,0,0.1397,0
0x0000000000000000000000000000000000000485,reentrancy,0,0.4297,0
0x0000000000000000000000000000000000000486,access-control,0,0.3149,0
0x0000000000000000000000000000000000000487,reentrancy,0,0.7687,0
0x0000000000000000000000000000000000000488,reentrancy,0,0.2325,0
0x0000000000000000000000000000000000000489,loops,0,0.4136,0
0x000000000000000000000000000000000000048a,loops,0,0.6448,0
0x000000000000000000000000000000000000048b,bridge,0,0.2286,0
0x000000000000000000000000000000000000048c,loops,0,0.3375,0
0x000000000000000000000000000000000000048d,bridge,0,0.6537,0
0x000000000000000000000000000000000000048e,loops,0,0.4951,0
0x000000000000000000000000000000000000048f,access-control,0,0.4588,0
0x0000000000000000000000000000000000000490,access-control,0,0.6725,0
0x0000000000000000000000000000000000000491,bridge,0,0.3808,0
0x0000000000000000000000000000000000000492,bridge,0,0.3912,0
0x0000000000000000000000000000000000000493,bridge,0,0.2433,0
0x0000000000000000000000000000000000000494,bridge,0,0.5109,0
0x0000000000000000000000000000000000000495,timestamp,0,0.2583,0
0x0000000000000000000000000000000000000496,access-control,0,0.6159,0
0x0000000000000000000000000000000000000497,reentrancy,0,0.666,0
0x0000000000000000000000000000000000000498,reentrancy,0,0.6311,0
0x0000000000000000000000000000000000000499,timestamp,0,0.3981,0
0x000000000000000000000000000000000000049a,reentrancy,0,0.1275,0
0x000000000000000000000000000000000000049b,access-control,0,0.3363,0
0x000000000000000000000000000000000000049c,timestamp,0,0.3579,0
0x000000000000000000000000000000000000049d,loops,0,0.3797,0
0x000000000000000000000000000000000000049e,timestamp,0,0.6843,0
0x000000000000000000000000000000000000049f,access-control,0,0.5299,0
0x00000000000000000000000000000000000004a0,timestamp,1,0.9798,1
0x00000000000000000000000000000000000004a1,loops,0,0.6631,0
0x00000000000000000000000000000000000004a2,bridge,0,0.3418,0
0x00000000000000000000000000000000000004a3,access-control,0,0.405,0
0x00000000000000000000000000000000000004a4,bridge,0,0.6396,0
0x00000000000000000000000000000000000004a5,reentrancy,0,0.7481,0
0x00000000000000000000000000000000000004a6,access-control,0,0.3468,0
0x00000000000000000000000000000000000004a7,access-control,0,0.7554,0
0x00000000000000000000000000000000000004a8,loops,0,0.8893,0
0x00000000000000000000000000000000000004a9,access-control,0,0.1692,0
0x00000000000000000000000000000000000004aa,reentrancy,0,0.3977,0
0x00000000000000000000000000000000000004ab,bridge,0,0.6482,0
0x00000000000000000000000000000000000004ac,bridge,0,0.3133,0
0x00000000000000000000000000000000000004ad,loops,0,0.421,0
0x00000000000000000000000000000000000004ae,reentrancy,0,0.6392,0
0x00000000000000000000000000000000000004af,bridge,0,0.5631,0
0x00000000000000000000000000000000000004b0,reentrancy,0,0.5435,0
0x00000000000000000000000000000000000004b1,access-control,0,0.3156,0
0x00000000000000000000000000000000000004b2,access-control,0,0.2733,0
0x00000000000000000000000000000000000004b3,bridge,0,0.3713,0
0x00000000000000000000000000000000000004b4,access-control,0,0.1824,0
0x00000000000000000000000000000000000004b5,access-control,0,0.6191,0
0x00000000000000000000000000000000000004b6,access-control,0,0.594,0
0x00000000000000000000000000000000000004b7,bridge,0,0.4936,0
0x00000000000000000000000000000000000004b8,bridge,0,0.6443,0
0x00000000000000000000000000000000000004b9,access-control,0,0.4717,0
0x00000000000000000000000000000000000004ba,timestamp,0,0.5051,0
0x00000000000000000000000000000000000004bb,reentrancy,0,0.3225,0
0x00000000000000000000000000000000000004bc,loops,0,0.6006,0
0x00000000000000000000000000000000000004bd,bridge,0,0.8385,0
0x00000000000000000000000000000000000004be,reentrancy,0,0.7969,0
0x00000000000000000000000000000000000004bf,access-control,0,0.5946,0
0x00000000000000000000000000000000000004c0,bridge,0,0.4314,0
0x00000000000000000000000000000000000004c1,reentrancy,0,0.2404,0
0x00000000000000000000000000000000000004c2,timestamp,0,0.6811,0
0x00000000000000000000000000000000000004c3,reentrancy,0,0.5457,0
0x00000000000000000000000000000000000004c4,timestamp,0,0.368,0
0x00000000000000000000000000000000000004c5,access-control,0,0.3999,0
0x00000000000000000000000000000000000004c6,loops,0,0.4475,0
0x00000000000000000000000000000000000004c7,access-control,0,0.3206,0
0x00000000000000000000000000000000000004c8,reentrancy,0,0.8085,0
0x00000000000000000000000000000000000004c9,bridge,0,0.3719,0
0x00000000000000000000000000000000000004ca,bridge,0,0.3557,0
0x00000000000000000000000000000000000004cb,reentrancy,0,0.3028,0
0x00000000000000000000000000000000000004cc,reentrancy,0,0.591,0
0x00000000000000000000000000000000000004cd,timestamp,0,0.4948,0
0x00000000000000000000000000000000000004ce,loops,1,0.8486,1
0x00000000000000000000000000000000000004cf,loops,0,0.2771,0
0x00000000000000000000000000000000000004d0,access-control,0,0.5638,0
0x00000000000000000000000000000000000004d1,reentrancy,0,0.2151,0
0x00000000000000000000000000000000000004d2,loops,0,0.5705,0
0x00000000000000000000000000000000000004d3,loops,0,0.6908,0
0x00000000000000000000000000000000000004d4,timestamp,0,0.755,0
0x00000000000000000000000000000000000004d5,loops,0,0.198,0
0x00000000000000000000000000000000000004d6,timestamp,0,0.4571,0
0x00000000000000000000000000000000000004d7,timestamp,0,0.4575,0
0x00000000000000000000000000000000000004d8,bridge,0,0.1922,0
0x00000000000000000000000000000000000004d9,access-control,0,0.5393,0
0x00000000000000000000000000000000000004da,bridge,0,0.4029,0
0x00000000000000000000000000000000000004db,bridge,0,0.8761,0
0x00000000000000000000000000000000000004dc,bridge,0,0.3736,0
0x00000000000000000000000000000000000004dd,loops,0,0.3121,0
0x00000000000000000000000000000000000004de,timestamp,0,0.6812,0
0x00000000000000000000000000000000000004df,timestamp,0,0.4476,0
0x00000000000000000000000000000000000004e0,timestamp,0,0.5397,0
0x00000000000000000000000000000000000004e1,access-control,0,0.2841,0
0x00000000000000000000000000000000000004e2,bridge,0,0.8489,0
0x00000000000000000000000000000000000004e3,access-control,0,0.8036,0
0x00000000000000000000000000000000000004e4,reentrancy,0,0.5548,0
0x00000000000000000000000000000000000004e5,loops,0,0.2553,0
0x00000000000000000000000000000000000004e6,timestamp,0,0.5632,0
0x00000000000000000000000000000000000004e7,timestamp,0,0.5394,0
0x00000000000000000000000000000000000004e8,loops,0,0.4127,0
0x00000000000000000000000000000000000004e9,bridge,0,0.4009,0
0x00000000000000000000000000000000000004ea,bridge,0,0.1482,0
0x00000000000000000000000000000000000004eb,loops,0,0.4537,0
0x00000000000000000000000000000000000004ec,loops,0,0.2578,0
0x00000000000000000000000000000000000004ed,loops,0,0.6311,0
0x00000000000000000000000000000000000004ee,timestamp,0,0.3497,0
0x00000000000000000000000000000000000004ef,bridge,0,0.2044,0
0x00000000000000000000000000000000000004f0,loops,0,0.3735,0
0x00000000000000000000000000000000000004f1,bridge,0,0.8939,0
0x00000000000000000000000000000000000004f2,reentrancy,0,0.6835,0
0x00000000000000000000000000000000000004f3,timestamp,0,0.4243,0
0x00000000000000000000000000000000000004f4,bridge,0,0.4957,0
0x00000000000000000000000000000000000004f5,access-control,0,0.2757,0
0x00000000000000000000000000000000000004f6,access-control,0,0.345,0
0x00000000000000000000000000000000000004f7,timestamp,0,0.6505,0
0x00000000000000000000000000000000000004f8,loops,0,0.7906,0
0x00000000000000000000000000000000000004f9,loops,0,0.7361,0
0x00000000000000000000000000000000000004fa,reentrancy,0,0.6279,0
0x00000000000000000000000000000000000004fb,reentrancy,0,0.6491,0
0x00000000000000000000000000000000000004fc,loops,0,0.5883,0
0x00000000000000000000000000000000000004fd,timestamp,0,0.7243,0
0x00000000000000000000000000000000000004fe,bridge,0,0.2525,0
0x00000000000000000000000000000000000004ff,bridge,0,0.2385,0
0x0000000000000000000000000000000000000500,timestamp,0,0.3326,0
0x0000000000000000000000000000000000000501,reentrancy,0,0.5554,0
0x0000000000000000000000000000000000000502,bridge,0,0.6016,0
0x0000000000000000000000000000000000000503,access-control,0,0.2272,0
0x0000000000000000000000000000000000000504,reentrancy,0,0.1434,0
0x0000000000000000000000000000000000000505,bridge,0,0.5409,0
0x0000000000000000000000000000000000000506,loops,0,0.3793,0
0x0000000000000000000000000000000000000507,bridge,0,0.6358,0
0x0000000000000000000000000000000000000508,access-control,0,0.4344,0
0x0000000000000000000000000000000000000509,reentrancy,0,0.8134,0
0x000000000000000000000000000000000000050a,loops,0,0.2628,0
0x000000000000000000000000000000000000050b,timestamp,0,0.2114,0
0x000000000000000000000000000000000000050c,reentrancy,0,0.6546,0
0x000000000000000000000000000000000000050d,timestamp,0,0.4382,0
0x000000000000000000000000000000000000050e,bridge,0,0.4071,0
0x000000000000000000000000000000000000050f,access-control,0,0.5622,0
0x0000000000000000000000000000000000000510,loops,0,0.8671,0
0x0000000000000000000000000000000000000511,loops,0,0.6016,0
0x0000000000000000000000000000000000000512,access-control,0,0.6418,0
0x0000000000000000000000000000000000000513,bridge,0,0.3274,0
0x0000000000000000000000000000000000000514,access-control,0,0.4364,0
0x0000000000000000000000000000000000000515,access-control,0,0.6825,0
0x0000000000000000000000000000000000000516,bridge,0,0.8221,0
0x0000000000000000000000000000000000000517,timestamp,0,0.4184,0
0x0000000000000000000000000000000000000518,timestamp,0,0.2089,0
0x0000000000000000000000000000000000000519,loops,0,0.1376,0
0x000000000000000000000000000000000000051a,access-control,0,0.5236,0
0x000000000000000000000000000000000000051b,reentrancy,0,0.1549,0
0x000000000000000000000000000000000000051c,bridge,0,0.5037,0
0x000000000000000000000000000000000000051d,access-control,0,0.2334,0
0x000000000000000000000000000000000000051e,reentrancy,0,0.5256,0
0x000000000000000000000000000000000000051f,loops,0,0.35,0
0x0000000000000000000000000000000000000520,access-control,0,0.4799,0
0x0000000000000000000000000000000000000521,reentrancy,0,0.3549,0
0x0000000000000000000000000000000000000522,reentrancy,1,0.7122,1
0x0000000000000000000000000000000000000523,loops,0,0.433,0
0x0000000000000000000000000000000000000524,timestamp,0,0.1518,0
0x0000000000000000000000000000000000000525,access-control,0,0.5649,0
0x0000000000000000000000000000000000000526,bridge,0,0.5338,0
0x0000000000000000000000000000000000000527,reentrancy,0,0.9252,0
0x0000000000000000000000000000000000000528,bridge,0,0.7097,0
0x0000000000000000000000000000000000000529,timestamp,0,0.5945,0
0x000000000000000000000000000000000000052a,reentrancy,0,0.1642,0
0x000000000000000000000000000000000000052b,loops,0,0.3637,0
0x000000000000000000000000000000000000052c,reentrancy,0,0.3652,0
0x000000000000000000000000000000000000052d,timestamp,0,0.7367,0
0x000000000000000000000000000000000000052e,timestamp,0,0.0828,0
0x000000000000000000000000000000000000052f,access-control,0,0.4718,0
0x0000000000000000000000000000000000000530,access-control,1,0.8438,1
0x0000000000000000000000000000000000000531,access-control,0,0.3346,0
0x0000000000000000000000000000000000000532,loops,0,0.6423,0
0x0000000000000000000000000000000000000533,access-control,0,0.4907,0
0x0000000000000000000000000000000000000534,bridge,0,0.4223,0
0x0000000000000000000000000000000000000535,reentrancy,0,0.5166,0
0x0000000000000000000000000000000000000536,bridge,0,0.1359,0
0x0000000000000000000000000000000000000537,bridge,0,0.3941,0
0x0000000000000000000000000000000000000538,timestamp,0,0.2276,0
0x0000000000000000000000000000000000000539,timestamp,0,0.4646,0
0x000000000000000000000000000000000000053a,loops,0,0.309,0
0x000000000000000000000000000000000000053b,timestamp,0,0.2041,0
0x000000000000000000000000000000000000053c,loops,0,0.4303,0
0x000000000000000000000000000000000000053d,timestamp,0,0.4093,0
0x000000000000000000000000000000000000053e,timestamp,0,0.6279,0
0x000000000000000000000000000000000000053f,reentrancy,0,0.1261,0
0x0000000000000000000000000000000000000540,timestamp,0,0.7009,0
0x0000000000000000000000000000000000000541,reentrancy,1,0.8816,1
0x0000000000000000000000000000000000000542,loops,0,0.5847,0
0x0000000000000000000000000000000000000543,access-control,0,0.856,0
0x0000000000000000000000000000000000000544,access-control,0,0.6837,0
0x0000000000000000000000000000000000000545,loops,0,0.2221,0
0x0000000000000000000000000000000000000546,loops,0,0.3778,0
0x0000000000000000000000000000000000000547,bridge,0,0.6045,0
0x0000000000000000000000000000000000000548,bridge,0,0.6594,0
0x0000000000000000000000000000000000000549,bridge,0,0.1441,0
0x000000000000000000000000000000000000054a,reentrancy,0,0.3653,0
0x000000000000000000000000000000000000054b,reentrancy,0,0.2036,0
0x000000000000000000000000000000000000054c,timestamp,0,0.5892,0
0x000000000000000000000000000000000000054d,timestamp,0,0.0989,0
0x000000000000000000000000000000000000054e,bridge,0,0.525,0
0x000000000000000000000000000000000000054f,reentrancy,0,0.5651,0
0x0000000000000000000000000000000000000550,reentrancy,0,0.8131,0
0x0000000000000000000000000000000000000551,reentrancy,0,0.9489,0
0x0000000000000000000000000000000000000552,bridge,0,0.5766,0
0x0000000000000000000000000000000000000553,reentrancy,0,0.6344,0
0x0000000000000000000000000000000000000554,loops,0,0.6926,0
0x0000000000000000000000000000000000000555,timestamp,0,0.484,0
0x0000000000000000000000000000000000000556,timestamp,0,0.6684,0
0x0000000000000000000000000000000000000557,reentrancy,0,0.6658,0
0x0000000000000000000000000000000000000558,bridge,0,0.5471,0
0x0000000000000000000000000000000000000559,bridge,0,0.5297,0
0x000000000000000000000000000000000000055a,reentrancy,0,0.3176,0
0x000000000000000000000000000000000000055b,bridge,0,0.6814,0
0x000000000000000000000000000000000000055c,reentrancy,0,0.6741,0
0x000000000000000000000000000000000000055d,timestamp,0,0.1491,0
0x000000000000000000000000000000000000055e,reentrancy,0,0.6839,0
0x000000000000000000000000000000000000055f,access-control,0,0.2891,0
0x0000000000000000000000000000000000000560,access-control,0,0.3789,0
0x0000000000000000000000000000000000000561,loops,0,0.6626,0
0x0000000000000000000000000000000000000562,access-control,0,0.7882,0
0x0000000000000000000000000000000000000563,loops,0,0.4811,0
0x0000000000000000000000000000000000000564,bridge,0,0.4604,0
0x0000000000000000000000000000000000000565,access-control,0,0.4944,0
0x0000000000000000000000000000000000000566,bridge,0,0.6282,0
0x0000000000000000000000000000000000000567,bridge,0,0.5074,0
0x0000000000000000000000000000000000000568,reentrancy,1,0.943,1
0x0000000000000000000000000000000000000569,access-control,0,0.727,0
0x000000000000000000000000000000000000056a,access-control,0,0.1342,0
0x000000000000000000000000000000000000056b,bridge,0,0.5593,0
0x000000000000000000000000000000000000056c,loops,0,0.4796,0
0x000000000000000000000000000000000000056d,access-control,0,0.6264,0
0x000000000000000000000000000000000000056e,reentrancy,0,0.7234,0
0x000000000000000000000000000000000000056f,bridge,0,0.2395,0
0x0000000000000000000000000000000000000570,bridge,0,0.4152,0
0x0000000000000000000000000000000000000571,timestamp,0,0.4052,0
0x0000000000000000000000000000000000000572,timestamp,0,0.4276,0
0x0000000000000000000000000000000000000573,reentrancy,0,0.6782,0
0x0000000000000000000000000000000000000574,access-control,0,0.5175,0
0x0000000000000000000000000000000000000575,reentrancy,0,0.3481,0
0x0000000000000000000000000000000000000576,bridge,0,0.4259,0
0x0000000000000000000000000000000000000577,reentrancy,1,0.8543,1
0x0000000000000000000000000000000000000578,timestamp,0,0.4254,0
0x0000000000000000000000000000000000000579,reentrancy,0,0.5314,0
0x000000000000000000000000000000000000057a,access-control,0,0.3559,0
0x000000000000000000000000000000000000057b,reentrancy,0,0.1999,0
0x000000000000000000000000000000000000057c,timestamp,0,0.8446,0
0x000000000000000000000000000000000000057d,bridge,0,0.5838,0
0x000000000000000000000000000000000000057e,loops,0,0.4314,0
0x000000000000000000000000000000000000057f,access-control,0,0.7385,0
0x0000000000000000000000000000000000000580,timestamp,0,0.5229,0
0x0000000000000000000000000000000000000581,bridge,0,0.2285,0
0x0000000000000000000000000000000000000582,bridge,0,0.53,0
0x0000000000000000000000000000000000000583,reentrancy,0,0.5882,0
0x0000000000000000000000000000000000000584,timestamp,0,0.4781,0
0x0000000000000000000000000000000000000585,timestamp,0,0.5491,0
0x0000000000000000000000000000000000000586,bridge,0,0.5125,0
0x0000000000000000000000000000000000000587,access-control,0,0.6699,0
0x0000000000000000000000000000000000000588,access-control,0,0.3272,0
0x0000000000000000000000000000000000000589,timestamp,0,0.1623,0
0x000000000000000000000000000000000000058a,timestamp,0,0.5746,0
0x000000000000000000000000000000000000058b,access-control,0,0.9075,0
0x000000000000000000000000000000000000058c,timestamp,0,0.7309,0
0x000000000000000000000000000000000000058d,access-control,0,0.478,0
0x000000000000000000000000000000000000058e,access-control,0,0.646,0
0x000000000000000000000000000000000000058f,bridge,0,0.325,0
0x0000000000000000000000000000000000000590,reentrancy,0,0.4792,0
0x0000000000000000000000000000000000000591,loops,0,0.417,0
0x0000000000000000000000000000000000000592,access-control,0,0.6172,0
0x0000000000000000000000000000000000000593,access-control,0,0.6318,0
0x0000000000000000000000000000000000000594,timestamp,0,0.7617,0
0x0000000000000000000000000000000000000595,bridge,0,0.4971,0
0x0000000000000000000000000000000000000596,bridge,0,0.3773,0
0x0000000000000000000000000000000000000597,reentrancy,0,0.7672,0
0x0000000000000000000000000000000000000598,loops,1,0.9561,1
0x0000000000000000000000000000000000000599,bridge,0,0.2915,0
0x000000000000000000000000000000000000059a,access-control,0,0.4113,0
0x000000000000000000000000000000000000059b,timestamp,0,0.514,0
0x000000000000000000000000000000000000059c,bridge,0,0.1234,0
0x000000000000000000000000000000000000059d,loops,0,0.6368,0
0x000000000000000000000000000000000000059e,timestamp,0,0.9442,0
0x000000000000000000000000000000000000059f,bridge,0,0.624,0
0x00000000000000000000000000000000000005a0,reentrancy,0,0.3238,0
0x00000000000000000000000000000000000005a1,loops,0,0.5687,0
0x00000000000000000000000000000000000005a2,timestamp,0,0.5999,0
0x00000000000000000000000000000000000005a3,bridge,0,0.1809,0
0x00000000000000000000000000000000000005a4,reentrancy,0,0.621,0
0x00000000000000000000000000000000000005a5,timestamp,0,0.2506,0
0x00000000000000000000000000000000000005a6,loops,0,0.5108,0
0x00000000000000000000000000000000000005a7,bridge,0,0.1636,0
0x00000000000000000000000000000000000005a8,timestamp,0,0.6772,0
0x00000000000000000000000000000000000005a9,loops,0,0.1842,0
0x00000000000000000000000000000000000005aa,timestamp,0,0.3163,0
0x00000000000000000000000000000000000005ab,loops,0,0.5827,0
0x00000000000000000000000000000000000005ac,timestamp,0,0.2636,0
0x00000000000000000000000000000000000005ad,timestamp,0,0.4974,0
0x00000000000000000000000000000000000005ae,bridge,0,0.8835,0
0x00000000000000000000000000000000000005af,loops,0,0.6231,0
0x00000000000000000000000000000000000005b0,bridge,1,0.9663,1
0x00000000000000000000000000000000000005b1,reentrancy,0,0.2055,0
0x00000000000000000000000000000000000005b2,loops,0,0.6423,0
0x00000000000000000000000000000000000005b3,reentrancy,0,0.0737,0
0x00000000000000000000000000000000000005b4,reentrancy,0,0.4624,0
0x00000000000000000000000000000000000005b5,access-control,0,0.4642,0
0x00000000000000000000000000000000000005b6,reentrancy,0,0.4272,0
0x00000000000000000000000000000000000005b7,reentrancy,0,0.3161,0
0x00000000000000000000000000000000000005b8,timestamp,0,0.5918,0
0x00000000000000000000000000000000000005b9,bridge,0,0.8066,0
0x00000000000000000000000000000000000005ba,loops,0,0.5212,0
0x00000000000000000000000000000000000005bb,loops,0,0.4169,0
0x00000000000000000000000000000000000005bc,bridge,0,0.5066,0
0x00000000000000000000000000000000000005bd,bridge,0,0.3957,0
0x00000000000000000000000000000000000005be,loops,0,0.6862,0
0x00000000000000000000000000000000000005bf,reentrancy,0,0.3938,0
0x00000000000000000000000000000000000005c0,timestamp,0,0.3272,0
0x00000000000000000000000000000000000005c1,reentrancy,0,0.6886,0
0x00000000000000000000000000000000000005c2,reentrancy,0,0.2596,0
0x00000000000000000000000000000000000005c3,timestamp,0,0.6163,0
0x00000000000000000000000000000000000005c4,bridge,0,0.3899,0
0x00000000000000000000000000000000000005c5,reentrancy,0,0.1652,0
0x00000000000000000000000000000000000005c6,bridge,1,0.9847,1
0x00000000000000000000000000000000000005c7,loops,0,0.5625,0
0x00000000000000000000000000000000000005c8,timestamp,0,0.4592,0
0x00000000000000000000000000000000000005c9,loops,0,0.3141,0
0x00000000000000000000000000000000000005ca,bridge,0,0.6634,0
0x00000000000000000000000000000000000005cb,loops,0,0.3302,0
0x00000000000000000000000000000000000005cc,reentrancy,0,0.8351,0
0x00000000000000000000000000000000000005cd,loops,1,0.7681,1
0x00000000000000000000000000000000000005ce,loops,0,0.5667,0
0x00000000000000000000000000000000000005cf,loops,0,0.4381,0
0x00000000000000000000000000000000000005d0,reentrancy,0,0.6018,0
0x00000000000000000000000000000000000005d1,bridge,0,0.429,0
0x00000000000000000000000000000000000005d2,loops,0,0.6718,0
0x00000000000000000000000000000000000005d3,reentrancy,0,0.5142,0
0x00000000000000000000000000000000000005d4,bridge,0,0.8005,0
0x00000000000000000000000000000000000005d5,loops,0,0.2473,0
0x00000000000000000000000000000000000005d6,loops,0,0.6441,0
0x00000000000000000000000000000000000005d7,bridge,0,0.9232,0
0x00000000000000000000000000000000000005d8,loops,0,0.2903,0
0x00000000000000000000000000000000000005d9,loops,0,0.7238,0
0x00000000000000000000000000000000000005da,access-control,0,0.1398,0
0x00000000000000000000000000000000000005db,timestamp,0,0.3918,0
